period,United Arab Emirates - GDI,United Arab Emirates - GII,Afghanistan - GDI,Afghanistan - GII,Albania - GDI,Albania - GII,Armenia - GDI,Armenia - GII,Argentina - GDI,Argentina - GII,Austria - GDI,Austria - GII,Australia - GDI,Australia - GII,Azerbaijan - GDI,Barbados - GDI,Barbados - GII,Bangladesh - GDI,Bangladesh - GII,Belgium - GDI,Belgium - GII,Burkina Faso - GDI,Bulgaria - GDI,Bulgaria - GII,Bahrain - GDI,Bahrain - GII,Burundi - GDI,Burundi - GII,Benin - GDI,Benin - GII,Brunei Darussalam - GDI,Bolivia - GDI,Bolivia - GII,Brazil - GII,Bahamas - GDI,Bhutan - GDI,Botswana - GDI,Botswana - GII,Belarus - GDI,Belize - GDI,Belize - GII,Canada - GDI,Canada - GII,"Congo, the Democratic Republic of the - GDI","Congo, the Democratic Republic of the - GII",Central African Republic - GDI,Central African Republic - GII,Congo - GDI,Congo - GII,Switzerland - GDI,Switzerland - GII,Cote d`Ivoire - GDI,Cote d`Ivoire - GII,Chile - GDI,Chile - GII,Cameroon - GDI,Cameroon - GII,China - GDI,China - GII,Colombia - GDI,Colombia - GII,Costa Rica - GDI,Costa Rica - GII,Cuba - GII,Cyprus - GDI,Cyprus - GII,Czech Republic - GDI,Czech Republic - GII,Germany - GDI,Germany - GII,Denmark - GDI,Denmark - GII,Dominican Republic - GDI,Dominican Republic - GII,Algeria - GDI,Algeria - GII,Ecuador - GDI,Ecuador - GII,Estonia - GDI,Estonia - GII,Egypt - GDI,Egypt - GII,Spain - GDI,Spain - GII,Ethiopia - GDI,Finland - GDI,Finland - GII,Fiji - GDI,Fiji - GII,France - GDI,France - GII,Gabon - GDI,Gabon - GII,United Kingdom - GDI,United Kingdom - GII,Georgia - GDI,Ghana - GDI,Ghana - GII,Gambia - GDI,Gambia - GII,Guinea - GDI,Greece - GDI,Greece - GII,Guatemala - GDI,Guatemala - GII,Guyana - GDI,Guyana - GII,"Hong Kong, China - GDI",Honduras - GDI,Honduras - GII,Croatia - GDI,Croatia - GII,Haiti - GII,Hungary - GDI,Hungary - GII,Indonesia - GDI,Indonesia - GII,Ireland - GDI,Ireland - GII,Israel - GDI,Israel - GII,India - GDI,India - GII,Iraq - GDI,Iraq - GII,"Iran, Islamic Republic of - GDI","Iran, Islamic Republic of - GII",Iceland - GDI,Iceland - GII,Italy - GDI,Italy - GII,Jamaica - GDI,Jamaica - GII,Jordan - GDI,Jordan - GII,Japan - GDI,Japan - GII,Kenya - GDI,Kenya - GII,Kyrgyzstan - GDI,Kyrgyzstan - GII,Cambodia - GDI,Cambodia - GII,"Korea, Republic of - GDI","Korea, Republic of - GII",Kuwait - GDI,Kuwait - GII,Kazakhstan - GDI,Kazakhstan - GII,Lao People`s Democratic Republic - GDI,Lao People`s Democratic Republic - GII,Lebanon - GDI,Sri Lanka - GDI,Sri Lanka - GII,Liberia - GDI,Liberia - GII,Lesotho - GDI,Lesotho - GII,Lithuania - GDI,Lithuania - GII,Luxembourg - GDI,Luxembourg - GII,Latvia - GDI,Latvia - GII,Libya - GDI,Libya - GII,Morocco - GDI,Morocco - GII,"Moldova, Republic of - GDI","Moldova, Republic of - GII","North Macedonia, Republic of - GDI",Mali - GDI,Mali - GII,Myanmar - GDI,Myanmar - GII,Mongolia - GDI,Mongolia - GII,Macao - GDI,Mauritania - GDI,Mauritania - GII,Malta - GDI,Malta - GII,Mauritius - GDI,Mauritius - GII,Maldives - GDI,Maldives - GII,Malawi - GDI,Malawi - GII,Mexico - GDI,Mexico - GII,Malaysia - GDI,Malaysia - GII,Mozambique - GDI,Mozambique - GII,Namibia - GDI,Namibia - GII,Niger - GDI,Niger - GII,Nicaragua - GDI,Nicaragua - GII,Netherlands - GDI,Netherlands - GII,Norway - GDI,Norway - GII,Nepal - GDI,Nepal - GII,New Zealand - GDI,New Zealand - GII,Oman - GDI,Panama - GDI,Panama - GII,Peru - GDI,Peru - GII,Papua New Guinea - GDI,Papua New Guinea - GII,Philippines - GDI,Philippines - GII,Pakistan - GDI,Pakistan - GII,Poland - GDI,Poland - GII,"Palestine, State of - GDI",Portugal - GDI,Portugal - GII,Paraguay - GDI,Paraguay - GII,Qatar - GDI,Qatar - GII,Romania - GDI,Romania - GII,Serbia - GDI,Serbia - GII,Russian Federation - GDI,Russian Federation - GII,Rwanda - GDI,Rwanda - GII,Saudi Arabia - GDI,Saudi Arabia - GII,Sudan - GDI,Sudan - GII,Sweden - GDI,Sweden - GII,Singapore - GII,Slovenia - GDI,Slovenia - GII,Slovakia - GDI,Slovakia - GII,Sierra Leone - GDI,Sierra Leone - GII,Senegal - GDI,Senegal - GII,Suriname - GDI,El Salvador - GDI,El Salvador - GII,Syrian Arab Republic - GDI,Syrian Arab Republic - GII,Swaziland - GDI,Swaziland - GII,Chad - GDI,Togo - GDI,Togo - GII,Thailand - GDI,Thailand - GII,Tajikistan - GDI,Tajikistan - GII,Tunisia - GDI,Tunisia - GII,Tonga - GDI,Tonga - GII,Turkey - GDI,Turkey - GII,Trinidad and Tobago - GDI,Trinidad and Tobago - GII,"Tanzania, United Republic of - GDI","Tanzania, United Republic of - GII",Ukraine - GDI,Ukraine - GII,Uganda - GDI,Uganda - GII,United States - GDI,United States - GII,Uruguay - GDI,Uruguay - GII,"Venezuela, Bolivarian Republic - GDI","Venezuela, Bolivarian Republic - GII",Viet Nam - GDI,Viet Nam - GII,Yemen - GDI,Yemen - GII,South Africa - GDI,South Africa - GII,Zambia - GDI,Zambia - GII,Zimbabwe - GDI,Zimbabwe - GII
1990,0.9161664844,0.6845969558,0.513332963,0.8282440901,0.9112468958,0.3041789234,,0.3569262326,0.9478818178,0.5156127214,0.9086614251,0.2549297512,,0.266064018,,0.9461140037,0.5306967497,0.7714374661,0.6690484285,0.9459385872,0.2172125876,,0.9737151265,0.3260054886,0.8776675463,,0.8215308785,,0.6843665242,0.7323237062,0.9345735312,,0.6290072203,0.5611552,,,0.971680522,0.6179173589,,,0.754781425,0.9743816257,0.2139740735,,0.7212300897,0.7387769818,0.7443631887,0.8631706238,0.6367646456,0.9369334579,0.14171803,,0.7355453372,0.908438623,,,0.6738420129,0.9044885039,0.3215767443,0.9285563827,0.5825314522,,0.487724781,0.425896883,0.9199914932,0.4433117211,0.9533784986,,,,0.9593847394,0.1005381346,,0.6038280725,,0.7051011324,0.8926743269,0.6050894856,,,0.7860407233,0.6440356374,0.930511415,0.2108353823,,0.991458714,0.1165886074,0.8887913227,,0.9778134823,0.2402885407,0.9892883897,0.5755651593,0.9468006492,0.2886917293,,0.8169344664,,,0.6911574006,,0.9154605865,0.3024238348,,0.6363473535,0.8629281521,0.500156045,0.9288586974,0.8577968478,0.6320355535,,,,0.9609941244,0.3077795208,0.8729681373,0.5975237489,0.9442454576,0.2549218237,0.9284499884,0.2758572698,0.7126948833,0.7151347995,0.6382461786,0.6603646278,,0.7467381358,0.9624794126,0.1833147556,0.9332206249,0.1939054728,,0.5367289186,0.7237613201,0.8061259389,0.9299996495,0.3030953109,0.8636330366,0.7420438528,,,,,0.8959563971,0.3214669228,0.9050381184,,,,0.8247614503,0.6964609027,,0.9230366349,0.4619603753,,,1.031253815,,,,0.9402107,0.2184589654,,,0.7969136238,,0.7168738246,0.8072074652,,,,0.6726034284,,,,,0.378975898,,0.6436805129,,0.8780523539,0.3821011186,0.9031154513,0.5056874156,,0.7098161578,0.8020182252,0.6988443732,0.8867013454,0.5292186737,0.9059790969,0.433108449,0.7920562029,0.6687963605,,0.6072178483,0.5393845439,0.8039976358,0.8755491376,0.6097559929,0.9189676046,0.129883498,0.9807448983,0.1297164559,0.7220119834,0.7096720934,0.9459799528,0.2835901678,,0.9239410162,0.5458183885,0.8688621521,0.5975255966,0.8628589511,0.7909284234,0.961776495,0.492952317,0.5633848906,0.7410984635,0.9852187037,0.2760839462,,0.944064796,0.3049376309,,0.5727369785,0.9582792521,,0.9346699119,0.4340524673,,,,0.4119915962,0.8605299592,0.5959176421,,,,,0.9900513291,0.09290646017,0.2361058295,,,,,0.7374510169,,0.7578453422,0.6508472562,,0.9276790619,0.5535331368,0.7110110521,0.6248533726,,0.6681745648,,0.7192954421,0.6987893581,,0.491751343,,,0.7503021955,0.5721356869,0.9076286554,0.6850761175,0.8177551627,0.6265079379,0.9249991179,0.4662842751,0.8500995636,,,,0.8146297336,0.6749734879,0.9875466824,0.3298412263,,0.4677599072,0.9480836987,0.5397432446,,0.4263608754,,0.7861537933,0.9552083015,0.6107749343,0.814422965,0.6657094359,0.8781301379,0.6290027499
1991,0.9191763997,0.6742212772,0.5084369183,0.8177063465,0.9150403738,0.3066275716,,0.3682115078,0.9489569068,0.4916960001,0.9113619328,0.2403670847,,0.2518526912,,0.9488679767,0.5081447363,0.7796272039,0.6639296412,0.9494617581,0.2086515278,,0.9726256132,0.32641837,0.8849053979,,0.8296590447,,0.6851239204,0.7225487232,0.9384519458,,0.6243943572,0.5510981083,,,0.9789625406,0.6078214049,,,0.6840493083,0.9747571945,0.2092055529,,0.7144634128,0.7407103181,0.742687881,0.8630393744,0.6344484091,0.9392579794,0.1365527213,,0.7294510603,0.9093300104,,,0.6751541495,,0.291174531,0.9388511777,0.5713844895,,0.4820245206,0.4234007597,0.9223911762,0.418759495,0.9570894837,,,,0.9600718021,0.1005130261,,0.5960384011,,0.6960648894,0.8981909156,0.6015556455,,,0.7798302174,0.654404223,0.9361689687,0.1946268678,,0.9946880341,0.1130370051,0.8943849802,,0.9807911515,0.2279895544,0.9874450564,0.5778044462,0.9481937289,0.272723496,,0.8194720149,,,0.6918712258,,0.9152806401,0.2990353107,,0.6292361617,0.8753046393,0.5026077628,0.9311645031,0.8708964586,0.6279953718,,,,0.9651665092,0.3044686913,0.8729639649,0.5949214697,0.9467731118,0.2482968122,0.9307925701,0.2684812844,0.7112336755,0.7106611729,0.6599321961,0.6568652391,,0.7281779647,0.97055161,0.1785554588,0.9345242977,0.1902095973,,0.5238112807,0.7225525975,0.8023203611,0.9317802787,0.27711007,0.8663343191,0.730938375,,,,,0.8988001943,0.3103290796,0.9058694243,,,,0.8271156549,0.6820327044,,0.9247635603,0.4642035961,,,1.032503963,,,,0.9420982599,0.209829703,1.017107248,,0.8016949296,,0.7222566009,0.8081394434,,,,0.6737024188,,,,,0.3901329339,,0.6537014246,,0.8825559616,0.3680960536,0.9054815173,0.502605021,,0.6946407557,0.8067116141,0.7016524673,0.8863039017,0.5257555842,0.9076654911,0.4244388938,0.7964573503,0.6630511284,0.9597507119,0.590254426,0.5469202399,0.8050515056,0.8686953187,0.6099213958,0.9210979342,0.1243399456,0.9799785614,0.1259999573,0.7351000309,0.7094625235,0.9481635094,0.269857496,,0.9295697212,0.5403897166,,0.5920086503,0.8597033024,0.7563835979,0.9619238973,0.494343102,0.5683460832,0.7380969524,0.9857416749,0.2733905613,,0.9563235641,0.2858901024,,0.5754044056,0.9594701529,,0.9380401969,0.4277662337,,,,0.4161239564,0.847561419,0.5916951299,,,,,0.9911509156,0.09226727486,0.2381820232,,,,,0.7383044958,,0.7584691048,0.6493434906,,0.9250020385,0.5481315851,0.724317193,0.613969028,,0.6676650643,,0.7223064303,0.7008806467,,0.4818598032,,,0.7586262226,0.5594972968,0.9145951867,0.683097899,0.8189687133,0.6173014641,0.9470891953,0.4435908794,0.8538114429,,,,0.8160364032,0.6716843843,0.9875580072,0.3247082233,,0.4659182727,0.9522967935,0.5389869213,,0.4204394221,,0.7943161726,0.9599930048,0.5688753128,0.8211619258,0.6585507393,0.8802728653,0.6250985861
1992,0.9225304723,0.6629056931,0.5030195713,0.8098057508,0.925783217,0.3105151355,,0.3793608546,0.9502980709,0.4735820293,0.9137325287,0.22603935,,0.240082711,,0.9503082037,0.4873038232,0.7830115557,0.6598155499,0.9523867369,0.2008790076,,0.9802063107,0.3270003796,0.891215086,,0.8246017694,,0.684754014,0.7136696577,0.9434556365,,0.6196173429,0.5415705442,,,0.9813610315,0.5975719094,,,0.6439194083,0.9699156284,0.2052791268,,0.7085139155,0.7403949499,0.7408290505,0.8649635911,0.6324324012,0.9395447969,0.131636247,,0.7234340906,0.915813446,,,0.6769861579,,0.2467098534,0.9401769042,0.5622851253,,0.480430752,0.4208994508,0.9265360832,0.3979461789,0.9721900225,,0.9409275055,,0.9613938928,0.1062510759,,0.5876787305,,0.6868645549,0.9033064246,0.5973708034,1.008166671,,0.7848354578,0.6505593657,0.9417261481,0.1770927608,,0.999955833,0.1095611006,0.8998880982,,0.981651485,0.2167247087,0.9859648943,0.5789349675,0.9485223293,0.2596558332,,0.8218156695,,,0.693407774,,0.9210823178,0.2862792909,,0.6222411394,0.8863631487,0.505464375,0.9343948364,0.8799301386,0.6200712323,,,,0.9710413218,0.3013595641,0.8733522296,0.5922291875,0.9500897527,0.2408748716,0.9355432391,0.2603948712,0.7118699551,0.7059788108,0.67423141,0.6534973383,,0.7107763886,0.9600479007,0.1727157682,0.9364655614,0.1892569065,,0.5122556686,0.7476786375,0.7948637009,0.9348806739,0.2565489709,0.8665276766,0.7210354209,,,,,0.9012137055,0.299066484,0.9149369001,,,,0.8294604421,0.6696756482,,0.9266898632,0.4658738673,,,1.028879523,,,,0.9427741766,0.1987850964,1.025029898,,0.8065329194,,0.7241514921,0.7837224603,,,,0.670111835,,1.096114039,,,0.4016605914,,0.6647642255,,0.8859157562,0.3565649986,0.9071741104,0.4989202321,,0.6779486537,0.8066593409,0.7046195269,0.8880463839,0.5192030668,0.9093153477,0.4160545766,0.787920475,0.6573203802,0.9615020156,0.5759298801,0.5541116595,0.8064991236,0.8667959571,0.6101765037,0.9237881899,0.1174601614,0.9802368283,0.1243301034,0.7366342545,0.7092795968,0.9540784955,0.2573267817,,0.932272017,0.5363060832,,0.5836116076,0.8566305041,0.7271754742,0.9642133117,0.4938768148,0.5718004704,0.7379565835,0.9836245775,0.2706760764,,0.9585039616,0.2702703476,,0.5786997676,0.9627750516,,0.9391857982,0.4206032753,,,,0.4204592407,0.8312865496,0.587511301,,,,,0.9907727838,0.09138156474,0.2368817329,,,,,0.7403537631,,0.7730086446,0.6475362778,,0.9241666794,0.5427379012,0.7388575077,0.6024005413,,0.667092979,,0.7246489525,0.7035965919,,0.4731530845,,,0.7680938244,0.5471929312,0.9212264419,0.6812589169,0.8190073967,0.6115400195,0.9428949952,0.4484091997,0.8530954719,,,,0.8087821603,0.6685741544,0.9864979386,0.3198869228,,0.4610745609,0.9526117444,0.5424349904,,0.4149345756,,0.7992072701,0.9631203413,0.5425313711,0.8291463256,0.6526033282,0.8827043772,0.6217133999
1993,0.9238343835,0.6545193791,0.4969890416,0.8030778766,0.9305716753,0.3157099187,,0.3838762343,0.9523708224,0.4570454359,0.9160006046,0.2111086547,0.9547331333,0.2288452983,,0.9523212314,0.4614233375,0.7862223983,0.655436337,0.9585578442,0.1931894124,,0.988910079,0.3267681599,0.8940580487,,0.8247001767,,0.6878829598,0.7042157054,0.948094964,,0.6146222353,0.5380926132,,,0.9784038067,0.5911421776,,,0.6142680049,0.9715920687,0.1979221553,,0.7028291821,0.7392696738,0.7395764589,0.8664432764,0.6309857368,0.9353348017,0.1265001148,,0.7182726264,0.9214469194,,,0.6793036461,,0.2435898334,0.9405617714,0.5531362295,,0.4765266776,0.4218122363,0.9265787005,0.3789538741,0.9641899467,,0.9392692447,,0.9601457715,0.1107499599,,0.5786859989,,0.6771712899,0.9084279537,0.5934663415,1.01073122,,0.781637907,0.6528837085,0.9451096058,0.165816322,,0.9976739287,0.105658032,0.9052820206,,0.9835609198,0.207239598,0.9841755629,0.5805947185,0.949288547,0.2491873652,,,,,0.6962770224,,0.922337234,0.2805238366,,0.6153742075,0.8963644505,0.5078918934,0.9344373345,0.8845827579,0.6157448292,0.9642987847,,,0.9727676511,0.3003661931,0.8842574954,0.5855944753,0.951829493,0.2342365086,0.9379587173,0.2547241151,0.7122770548,0.7008488178,0.6851145625,0.6517925262,,0.6948129535,0.9652486444,0.1677293628,0.9387229681,0.1894267499,,0.5017328858,0.7586909533,0.7889543176,0.9354838729,0.2405117005,0.8662678003,0.7141076326,,,,,0.9049962759,0.2900711596,0.9193356037,,,,0.8288608193,0.6553039551,,0.9275925159,0.4699832499,,,1.025537372,,1.000519276,,0.9455595613,0.1942200214,1.033792734,,0.8113597631,,0.7283827066,0.7664277554,,,,0.6824170351,,1.086790562,,,0.4091488123,,0.67343086,,0.8866479397,0.3487179577,0.9108965993,0.4929676354,,0.6604275107,0.828719914,0.70562464,0.8989220262,0.5141783953,0.9111276865,0.4050435722,0.7907771468,0.6531212926,0.9639061093,0.5625677109,0.561008215,0.8083982468,0.8678464293,0.6090520024,0.9280418754,0.1113266274,0.9782417417,0.1207798645,0.7381406426,0.7086613774,0.9529934525,0.2434892207,,0.9346418977,0.5333660841,,0.5759503841,0.8535346389,0.7095163465,,0.4933139682,0.5767301321,0.7356172204,0.9791891575,0.2634236515,,0.9658255577,0.2553509176,0.911901474,0.5821431875,0.9639120698,,0.9441244602,0.4139686823,,,,0.4192605019,0.8214636445,0.5852518082,,,,,0.9977469444,0.0865316391,0.2362433523,0.992058754,,0.9607239366,,0.7418169379,,0.7731862068,0.646297574,,0.9276987314,0.5341476202,0.7537620664,0.5919364095,,0.6666632295,,0.7221148014,0.7074278593,0.9593868852,0.4650867581,,,0.7775239348,0.5314410329,0.9275758862,0.6784755588,0.8091409802,0.6177681088,0.9427220821,0.4524356127,0.8545366526,,,,0.8074932098,0.6644588709,0.9852962494,0.3118110299,,0.4581424594,0.9514872432,0.5478875041,,0.40443784,,0.8031247258,0.9656077027,0.5222396851,0.8368715644,0.6482701898,0.8811273575,0.6184245944
1994,0.9272826314,0.6455407739,0.4901402891,0.797028482,0.9270798564,0.3219660819,,0.3904777765,0.954400003,0.4429130852,0.9192717671,0.1944632977,0.9560257196,0.2177429348,,0.954298079,0.43233338,0.7892197967,0.651039958,0.9599125385,0.1877428591,,0.9947966933,0.3269244432,0.8963764906,,0.8256033659,,0.6899107099,0.6952149868,0.9499531388,,0.6095556617,0.5336175561,,,0.9752603769,0.5848258734,,,0.5884010792,0.9709902406,0.1910407692,,0.6980350614,0.7375499606,0.7385540009,0.8683689237,0.629624486,0.9359323978,0.1216884553,,0.7130386233,0.9225278497,,,0.6823533773,0.914904058,0.2403053492,0.9468428493,0.538811028,,0.4719054997,0.4227820933,0.9296324849,0.3592137992,0.9614415765,,0.9398469329,,0.9605317712,0.1169906333,,0.5701753497,,0.6672379971,0.9129891992,0.5902455449,1.022737026,,0.7850134969,0.6499022841,0.948179245,0.1542480439,,0.9998451471,0.1017400026,0.9105530381,,0.9818661213,0.1984913796,0.9833405614,0.5817241669,0.950237453,0.2409603894,,,,,0.6999976039,,0.9179587364,0.2746005952,,0.6085520983,0.9021824598,0.5125592947,0.9386613369,0.8853936791,0.610955894,0.9638054371,,,0.9780367613,0.3006077409,0.8880653977,0.5784119964,0.9547386169,0.2300591171,0.9416303635,0.2470374852,0.7131172419,0.695532918,0.6943492293,0.6495866776,,0.6779998541,0.9720980525,0.164342761,0.9425204992,0.1871776581,,0.4917977452,0.7672125101,0.7829876542,0.9387646914,0.2256567776,0.8662842512,0.7078564763,,,,,0.9061740637,0.280634135,0.9228743315,,,,0.8318219781,0.6416106224,,0.930310607,0.47308743,,,1.021665931,,1.004180074,,0.9436407089,0.1837908328,1.039126754,,,,0.7395586371,0.7508071661,,,,0.683935225,,1.077189565,,,0.4173198342,,0.6888791919,,0.8890636563,0.343118757,0.9133495092,0.4872681499,,0.6410725117,0.836822331,0.7064227462,0.9008291364,0.5089671016,0.9127936363,0.3939096928,0.792470336,0.6491104364,0.9611395001,0.5511192679,0.5676361918,0.8112004995,0.8741704822,0.6080662012,0.9234523773,0.1048033014,0.9768036604,0.1178187355,0.739592135,0.7081369162,0.9592496157,0.2289815992,,0.9381703138,0.5285165906,,0.5686132312,0.8494802713,0.6962370872,,0.4934805036,0.5806605816,0.7356591821,0.9810863137,0.2550936937,,0.9636805058,0.2412601411,0.9142593741,0.5862484574,0.9559379816,,0.9513249993,0.4064705074,,,,0.4179120958,0.8172601461,0.5830200911,,,,,0.9980710745,0.0816558823,0.2350091785,0.9919150472,,0.9579511881,,0.7421651483,,0.7734167576,0.6449989676,,0.9301397204,0.5271995664,0.7658264041,0.5813567638,,0.6660933495,,0.7233207822,0.7124482393,0.9598010182,0.4578572512,,,0.7872387171,0.5146804452,0.9336867332,0.675644815,0.821510613,0.5982025266,0.9457132816,0.4527513981,0.8558132052,,0.9840304852,,0.8325607777,0.6604189277,0.9862427115,0.3030594289,,0.4535503685,0.9528366923,0.5500992537,,0.394058913,,0.8070375323,0.9648944139,0.5054906011,0.8440496922,0.6440387368,0.8794828653,0.6154303551
1995,0.9306044579,0.6365121603,0.4821484685,0.7921131849,0.9239518642,0.3296644688,,0.3995153606,0.9572565556,0.4290411472,0.921256721,0.1822416186,0.9572125077,0.2076084912,,0.9559926391,0.3968138099,0.7922991514,0.6466351151,0.9631140232,0.1821433455,,0.9957221746,0.3274466991,0.8963266611,,0.82670784,,0.6930106878,0.6867637038,0.953276813,,0.6042940021,0.5290924311,,,0.9760364294,0.5787954926,,,0.5642634034,0.972599864,0.1836830974,,,0.7355130911,0.7377710342,0.8678146005,0.6286472082,0.9357141256,0.1166323796,,0.7080162764,0.9231829643,,,0.6861297488,0.91329813,0.2367555648,0.9486753345,0.5251648426,,0.4684507847,0.4241977036,0.9303956032,0.3429910541,0.9620034695,,0.9406152964,,0.9600458145,0.121994555,,0.5610602498,,0.6559607983,0.9174423814,0.5865808725,1.024071455,,0.7831976414,0.6520932913,0.9537345171,0.144563809,,1.002047181,0.09779001772,0.9157068729,,0.9821426272,0.1900555342,0.982314527,0.5830582976,0.9503504038,0.2339865863,,,,0.7928037643,0.7050638795,,0.9297761917,0.2675817609,,0.6015401483,0.9073603153,0.5177413821,,0.8875267506,0.6057242155,0.9644508958,,,0.9757718444,0.3042367995,0.8903018832,0.5734381676,0.958407104,0.2265901864,0.9447153807,0.2400045097,0.7327526808,0.6910406351,0.7027113438,0.6474348903,,0.661608696,0.9708938003,0.1621372849,0.94225806,0.1854224503,,0.4843996763,0.7773755789,0.7770758271,0.9402291179,0.2123906165,0.866211772,0.7022260427,,,,,0.9100399613,0.2708732784,0.9330314398,,,,0.8382150531,0.6285170913,,0.9341497421,0.4739004672,,,1.020013332,,1.009789944,,0.9454474449,0.1876059175,1.03263104,,,,0.7418504357,0.738668859,0.9583428502,,,0.7003703713,,1.068154335,,,0.4268858135,,0.6909712553,,0.8977860212,0.3358757198,0.9172759652,0.4823595881,,0.6185550094,0.8394089341,0.7073890567,0.9027072191,0.5019307733,0.9144814014,0.3828232586,0.7985166311,0.6452991366,0.9603559971,0.5407147408,0.574005127,0.8151754141,0.8791890144,0.6072123051,0.9280064106,0.09890391678,0.9782491326,0.1143301874,0.740976274,0.7076195478,0.9573043585,0.2150828391,,0.9408237934,0.5240029693,,0.5593135357,0.8622487187,0.6853789091,,0.4913580716,0.5695052147,0.7490898967,0.983822763,0.2475315183,,0.9672791958,0.2270713449,0.916328311,0.5910188556,0.9499531984,,0.9572095871,0.3981048763,,,,0.4156168997,0.8367048502,0.5809787512,,,,,1.00120461,0.07583345473,0.2323838472,0.9921019673,,0.9593945742,,0.7446705103,,0.7740652561,0.6440138817,,,0.5254443288,0.7780178785,0.5707069039,,0.6653807759,,0.7318840027,0.7189153433,0.9641877413,0.4469619393,,,0.7949208021,0.496845752,0.9362695217,0.6749958992,0.8227793574,0.5903100371,0.9491871595,0.4524902999,0.8565150499,,0.9877457023,,0.8307282925,0.6566534042,0.9862343669,0.2958060205,,0.4490866959,0.9600248337,0.5466630459,,0.383787185,,0.8089618683,0.9658854604,0.4909009337,0.8521617055,0.6407113671,0.8759769201,0.6127430797
1996,0.9314376712,0.6296806931,0.471544981,0.7878122926,0.9266651273,0.3401196599,,0.4095901549,0.9589751959,0.4202715158,0.9219660759,0.1702807099,0.9592718482,0.1991260946,,0.9607494473,0.3873509467,0.7953190804,0.6422778368,0.9651021957,0.177123785,,0.995993197,0.3347918391,0.8978462219,,0.8260489702,,0.6966913342,0.6792768836,0.9551946521,,0.5981830955,0.5276059508,,,0.9734048247,0.5739198923,,,0.5754710436,0.9728473425,0.1766327024,,0.6912344694,0.7354451418,0.7366039753,0.8705910444,0.6270557642,0.9367168546,0.1099850535,,0.7027347684,0.9254465699,,,0.6900642514,0.9116846323,0.2347135842,0.9478989244,0.5225150585,,0.4669816494,0.427113086,0.9349658489,0.3208353519,0.9622495174,,0.9414941669,,0.9653428793,0.1127769947,,0.5526314974,,0.6442129612,0.9225221872,0.5852196813,1.013995767,,0.7827979922,0.6536705494,0.9573963284,0.1361207515,,1.006451726,0.09463328123,0.921197772,,0.9824361801,0.182772845,0.9818766117,0.5852006078,0.9521802068,0.2259609103,,,,0.7919117212,0.7133119702,,0.9326487184,0.2587135136,,0.5948050022,0.9161062837,0.5218906999,,0.9056770205,0.5922703147,0.9653016329,,,0.9736011624,0.2955451906,0.8907337189,0.5689669847,0.9652036428,0.2221198827,0.9448028207,0.2364030778,0.7396582961,0.6833744645,0.7099208832,0.6470841169,,0.6435953975,0.9772205949,0.1594775319,0.9454164505,0.1835831702,,0.4792884886,0.7752819657,0.7743290067,0.9418369532,0.2040373832,0.8654771447,0.6966603398,,,,,0.9121645093,0.2616565526,0.9310729504,,,,0.8413803577,0.615991354,,0.9331308603,0.4717324376,,,1.011411428,,1.006469965,,0.9542242885,0.1776321381,1.017135382,,,,0.7482875586,0.7261045575,0.962031126,,,0.700774014,,1.060425878,,1.003994823,0.4354751706,,0.6935310364,,0.9087548256,0.3309689164,0.9201603532,0.470233649,,0.5997121334,0.8365308046,0.7094686031,0.9059816003,0.4996463358,0.915192008,0.3742527366,0.8015552163,0.6416236758,0.9598058462,0.5327845812,0.5800217986,0.8199411035,0.8920532465,0.6017055511,0.9298459291,0.09691738337,0.9788498878,0.1109272614,0.7430924773,0.7075640559,0.963922143,0.2055591047,,0.9436568022,0.5198912024,,0.5481447577,0.8625255823,0.6774081588,,0.4887405038,0.5689401031,0.7493759394,0.9864113927,0.2341086566,,0.9721755981,0.2214686424,0.9217591882,0.5982982516,0.9489417672,,0.9621319175,0.4076913595,,,,0.4097262025,0.850118041,0.5795758963,,,,,1.001083255,0.06975862384,0.2323373556,0.9942116141,,0.9596299529,,,,0.7749114037,0.6425687075,,,0.5215013027,0.784252584,0.5667148232,,0.6670504808,,0.7391486168,0.7264703512,0.9679769278,0.4390492737,,,0.801492393,0.4759329557,,0.6729989052,0.8269860148,0.5814134479,0.9569595456,0.4436427653,0.8596350551,,0.9902175665,,0.8293553591,0.6526249051,0.9851304293,0.2911922336,,0.4440997243,0.9626812935,0.5450497866,,0.372882843,,0.8064303398,0.9633025527,0.4806458056,0.8447751403,0.6431463957,0.87165308,0.6127175093
1997,0.9327957034,0.6220396757,,0.7839930654,0.9284966588,0.352817744,,0.4296964705,0.962326169,0.4126314223,0.9244199991,0.1583781838,0.9637879729,0.19122684,,0.9595602751,0.3834755123,0.7984033227,0.6377464533,0.9656615257,0.1711570323,,0.9941577315,0.3424870372,0.9005161524,,0.8256111145,,0.7006442547,0.6721488833,0.9570960999,,0.5919938087,0.5238798261,,,0.9703499079,0.5692036152,,,0.5785623789,0.9738906622,0.1695839316,,0.6884771585,0.7343629599,0.7359231114,0.8751243949,0.6253525019,0.9354609847,0.1048169285,,0.6974273324,0.9284331203,0.4643258452,,0.6962493062,0.9098864794,0.2326805145,0.9508353472,0.5201247334,,0.4558472335,0.4305074513,0.9363278151,0.2979114652,0.9639624953,0.1825575083,0.943292737,0.1434346884,0.9650526047,0.1033998132,,0.5438358784,,0.6324974895,0.9289223552,0.5842459202,1.015872002,0.3431614935,0.7870624661,0.6562401652,0.9552927613,0.127790615,,1.001656771,0.09141819179,,0.5144220591,0.9830716848,0.1760319769,0.9814500213,0.5877748132,0.955342412,0.2186032236,,,0.6228628159,0.7910755277,0.7248957157,,0.933883965,0.2519259751,,0.5876876116,,0.5262511969,,0.9061380625,0.5876477361,0.9678089023,0.2655352652,0.6472451091,0.9740334153,0.2864774764,0.8908795714,0.5651196837,0.9666705728,0.2190055996,0.9494624734,0.2325406522,0.7462368608,0.6758270264,0.7174156308,0.6470043063,,0.6210927963,0.9809433222,0.1576955765,0.9473533034,0.1823561192,,0.4749178588,0.7795080543,0.7712410092,0.9438240528,0.1963304281,0.8639640808,0.6914998889,,0.5898563266,,0.6457239985,0.9156650901,0.251719147,0.9406608343,0.5870206356,,0.4106330574,0.8438513875,0.6036880612,,0.9335795045,0.4688264132,,,1.008047938,0.6331191063,1.006181717,0.2745965719,0.9423376322,0.1669559032,1.020228982,0.358281225,,,0.7547727227,0.7156490684,0.9636045694,0.461861074,,0.700134635,0.72459203,1.052976489,,1.00553441,0.4474296868,,0.7080667615,0.7900954485,0.909963727,0.3259715736,0.9205412269,0.4566625655,,0.5784733295,0.8338543177,0.712030232,0.9060810208,0.4933579266,0.9155604243,0.3656179905,0.8039656878,0.6381662488,0.9574216008,0.5255410075,0.5858920217,0.8280454278,0.9023028016,0.5962664485,0.931263864,0.09542626143,0.9821209908,0.1075948253,0.7451847792,0.7077371478,0.9694482684,0.1978308111,,0.942655921,0.5154936314,,0.5370291471,0.8620310426,0.6708548665,,0.4849352241,0.5650780797,0.7536485195,0.9852341413,0.2202657312,,0.9736898541,0.2159578353,0.9200592041,0.6068962812,0.9473069906,,0.9627987146,0.4251066148,,,,0.4030433595,0.8622065187,0.577516377,,,,0.7117869854,1.006143212,0.06384535879,0.2441559285,0.9971696734,0.1732330769,0.9591616988,0.2344026119,,,0.7756311297,0.6411447525,,,0.5160437822,0.7903919816,0.5622713566,,0.6685197353,,0.7428523302,0.7380581498,0.970239222,0.4323283732,,0.5369375944,0.8084628582,0.4523699582,,0.6710668206,0.8253730536,0.5764276385,0.9595840573,0.4390227497,0.8627293706,0.6396389604,0.9935860038,0.4455725253,0.8283193111,0.6485180855,0.9847919345,0.2867046893,,0.4392641187,0.9685986638,0.5447537303,,0.3622211516,,0.8077341914,0.9600832462,0.4713068008,0.8383082747,0.6456172466,0.8656390309,0.6127209663
1998,0.9346753359,0.61848104,,0.7797293663,0.9302161932,0.3689497709,,0.4224654734,,0.4100483954,0.9258547425,0.1560246795,0.9631403685,0.1888623089,,0.9601806998,0.3846073151,0.8000017405,0.632458508,0.9664748907,0.1704044491,,0.9948152304,0.345741123,0.9038326144,,0.8265137076,0.6045604944,,0.6686611772,0.960416019,,0.5879731774,0.5204342008,,,0.9661706686,0.567558527,,,0.5867305994,0.9735612869,0.1651870906,,0.6860775948,0.7333968282,0.7346072793,0.8791854978,0.6240394711,0.9424471855,0.1027398407,,0.6946153641,0.9276371002,0.4365155101,,0.694473207,0.9064231515,0.2333416492,0.9561079144,0.5221064687,,0.4377718568,0.4151424468,0.9385949373,0.2886421084,0.9657463431,0.1775776148,0.9419223666,0.142497763,0.9735592008,0.08539167047,,0.5217635036,,0.624979794,0.9267352819,0.5008712411,1.020348549,0.3324565589,0.7858690023,0.654106617,0.9577605724,0.1300429702,,1.002594471,0.09254907817,,0.5116951466,0.9846228957,0.175129354,0.9808983803,0.5863028169,0.9560208321,0.2160437554,,,0.618927896,0.790417254,0.7229908705,,0.9399356842,0.2460713089,,0.5833613276,,0.5320832729,,0.9132868052,0.5807465911,0.9629741311,0.2586214244,0.6436383128,0.9805347919,0.2904987931,0.8914084435,0.5611604452,0.9720686674,0.2164671421,0.9517967701,0.2298289984,0.7490447164,0.664988935,0.7250622511,0.6441053748,,0.6057848334,0.9774915576,0.1537292451,0.9510507584,0.1809433848,,0.4675821066,0.7818667293,0.7686262131,0.9459136724,0.1992105246,,0.6832591295,,0.5818977952,,0.6407204866,0.9094629884,0.2361702025,0.9439412951,0.5822253823,,0.4015464485,0.8468153477,0.5919369459,,0.9399857521,0.4514280558,,,1.001908898,0.6412619352,1.007360101,0.2677441239,,0.1677954644,1.017437458,0.3520336449,,,0.7656502128,0.7097184658,0.9652554393,0.4285501242,,0.710687995,0.7234228253,1.045734406,,1.009034634,0.4420222342,,0.7258090377,0.7501128316,0.913249433,0.322527051,0.9205809832,0.4440802932,0.8841828704,0.5582959056,0.8309532404,0.7097528577,0.9079085588,0.4794187248,0.9217514992,0.3622835279,0.8045210838,0.6411885619,0.9542869925,0.5241396427,0.5916872025,0.8251562715,,0.5892015696,0.9335343838,0.09229043126,0.9865093827,0.1042862758,0.7459030747,0.7027851939,0.9717091322,0.1942194402,,0.9493468404,0.5128832459,,0.5311245918,0.8644892573,0.6698300242,0.976745069,0.4787521064,0.5773605108,0.7469694018,0.9886302948,0.2077184469,,0.9729648232,0.2169310749,0.9166637659,0.6059041619,0.9590063691,,0.9633730054,0.4178971052,,,,0.3958285153,0.8707846403,0.5740664601,,,,0.7094461918,1.013237119,0.06313657016,0.254211247,0.9978027344,0.1712041944,0.9606571794,0.2345317006,,,0.7767788768,0.6385086775,,0.9383590817,0.5016474128,0.7964023352,0.5568131804,,0.6697160602,,0.7447254062,0.7354422808,0.9694219828,0.4325707257,,0.5302443504,0.8124402761,0.4370806515,,0.6695803404,0.8288441896,0.5695360899,0.9615531564,0.4317024052,0.8655592799,0.6365692616,0.9933078289,0.4103329182,0.8278548717,0.6460937858,0.9905183911,0.2866911888,0.9845392704,0.4357667267,0.970056057,0.5413098335,0.9605619311,0.3565184176,,0.8142027259,0.9563245773,0.4612102211,0.8327348828,0.6465201378,0.8576025963,0.6123225689
1999,0.9362699389,0.6151056886,,0.7754052877,0.9328673482,0.3933706582,,0.4589554965,0.9755126238,0.4086697698,0.9259777665,0.152930066,0.9653521776,0.1629709154,0.903465569,0.992778182,0.3862062395,0.800088048,0.6269412041,0.9746742845,0.1294995844,,0.9923931956,0.3486675322,0.9092572927,,0.8267225623,0.6342661381,0.7487776875,0.6733061671,0.9608252645,,0.5837295651,0.5236729383,,,0.9584753513,0.5459865332,,,0.5563854575,0.9764008522,0.1609372348,,,0.7326786518,0.7045425177,0.8819078207,0.6215324998,0.9412844181,0.0969293192,0.7430078983,0.6925935149,0.9280468225,0.4299887121,,0.6926771998,0.9017709494,0.233835727,0.9671615958,0.5238358378,,0.4354972243,0.4107965231,0.93927145,0.2786830664,0.9645166993,0.1723269075,0.9419174194,0.1301521957,0.9748598933,0.07564181834,,0.5144716501,,0.6170971394,,0.4969702959,1.017579794,0.286419481,0.7819921374,0.6492266059,0.9591261148,0.1399286538,,1.002346635,0.08811490238,,0.4526736438,0.9851525426,0.1741371453,0.9777694345,0.5848453045,0.9592419863,0.2125915736,,0.8513797522,0.6149217486,0.7897421122,0.7211571336,,0.9443179965,0.2418021262,,0.6062687039,,0.53840065,,0.9164239168,0.5702623129,0.96646595,0.2518740892,0.6399933696,0.9801284075,0.2734428048,0.8999635577,0.5692915916,0.9744144082,0.2137719244,0.9507880807,0.1956442147,0.7512183189,0.6576021314,0.7300252318,0.6403189301,0.7681154609,0.590205729,0.9834259748,0.1330175698,0.9521198869,0.1784446687,,0.468038559,0.7975352407,0.7657461166,0.9446066022,0.2025399804,,0.6828051209,0.9452127814,0.5733748674,,0.6166728139,0.9108198285,0.2313549072,0.9438530803,0.5773695111,0.9833777547,0.4049843252,0.8494141698,0.5844970942,,0.9338914752,0.4607944191,,,0.9894845486,0.6406724453,1.011870742,0.2569756508,,0.1760978401,1.014939308,0.3051141202,,,0.7744652629,0.7043007612,0.9651383758,0.399294287,,0.716352284,0.7221574187,1.038683772,,1.007651925,0.4362852871,,0.7317883372,0.747004807,0.9074795246,0.2859155834,0.9193931818,0.4293725491,0.8906459808,0.5369206071,0.8292703032,0.6914843917,0.9066870809,0.4746005535,0.9190356731,0.3468228877,0.8220669031,0.6383778453,0.9526215792,0.5225710273,0.5974655747,0.8224707246,,0.5873171687,0.9339109659,0.09524922818,0.9878757,0.1005252525,0.710452795,0.673597455,0.9720387459,0.1905220598,,0.9565595388,0.5096573234,,0.521258235,0.861667335,0.668420732,0.9785506129,0.4770001173,0.5786603093,0.6970741749,0.9924350977,0.1998751611,,0.9736554623,0.1923418492,0.919518888,0.600481987,0.9677975774,,0.965382278,0.4093239903,,,,0.3946817517,0.8779851198,0.5705822706,,,,0.697424233,1.014023542,0.05939086527,0.2701902986,0.9988636374,0.1686641127,0.9611336589,0.2432032526,,0.6809303164,0.7779099345,0.6375252008,,0.942968905,0.4953089058,0.8022597432,0.5469243526,0.8987782598,0.6711554527,,0.7470604181,0.6952663064,0.9696696997,0.432246536,0.8922224045,0.5233661532,0.8249178529,0.3987388611,0.9461840987,0.6682495475,0.8348622918,0.5280267,0.9630470276,0.4232644141,0.8687253594,0.6366459727,0.9840830564,0.382370472,0.82783705,0.6443929672,0.9894139171,0.2780112624,0.9771068096,0.4003189802,0.9729521275,0.5004552007,0.9583303332,0.3513040543,0.6107449532,0.8073301315,0.9519585967,0.4568298757,,0.6513054371,0.8524720073,0.613963902
2000,0.93816787,0.6114286184,,0.7720514536,0.9353007078,0.390317291,0.9344869852,0.4511241615,0.9742411375,0.4072651565,0.9270496368,0.1499466449,0.9653106332,0.1582027674,,1.001813889,0.3873543143,0.799664855,0.6212243438,0.9778602123,0.1295193136,,0.9885746837,0.3514435291,0.9119561911,,0.8276206851,0.5879755616,0.7559904456,0.6698907614,0.9617061615,,0.5803377628,0.5206971169,1.00270462,,0.9521526694,0.5299754739,,,0.561065495,0.9754514694,0.1563237011,,0.6811789274,0.7323501706,0.7031220198,0.887422204,0.619384706,0.9431250691,0.09524717182,0.7453397512,0.6893265843,0.9296419621,0.4226948321,,0.6909000278,0.8996771574,0.2340683043,0.974326551,0.5257601738,,0.4365332425,0.4062917233,0.9421780109,0.2410855144,0.9643238783,0.1671010405,0.9423139095,0.1290179193,0.9763156772,0.07014002651,,0.5068261623,,0.6049490571,,0.5037264824,1.019207239,0.2703570127,0.7810192704,0.6424970627,0.9626555443,0.1234122142,,1.001879454,0.0897738412,,0.4659522772,0.9867507219,0.1734963208,0.9761674404,0.5787064433,0.9616447091,0.2098253667,,0.857789278,0.6108378768,0.788816452,0.7192752361,,0.9449883699,0.2163898945,,0.5914523602,,0.5401735306,,0.9186009765,0.5669110417,0.9677451253,0.1780758351,0.6362131834,0.9782948494,0.2537145317,0.901897192,0.5782271624,0.9758552313,0.2125919014,0.9576141238,0.1882267445,0.7603613734,0.6487054825,0.7355923057,0.6281773448,0.7815480232,0.5931600332,0.9831332564,0.1288442016,0.9499172568,0.1770792753,0.9836289287,0.467238754,0.8175162077,0.7628572583,0.9478386045,0.171265021,0.8670173883,0.6824861169,0.9446585774,0.5359474421,0.8544828296,0.6138572693,0.9113775492,0.1906479895,0.9471091032,0.572529614,0.990244627,0.3972371817,0.8517334461,0.5767638087,,0.9380799532,0.4581177235,0.7626097798,0.7030579448,0.9720410109,0.6410387754,1.015620232,0.2809047401,,0.1750369221,1.019923329,0.2952771187,,,0.7798066735,0.7019097805,0.9714546204,0.3923097253,,0.725838244,0.7204107046,1.031729937,,1.010573268,0.413286835,,0.7372862697,0.7423290014,0.9140841961,0.2823325992,0.9175882936,0.4297679067,0.8999393582,0.5119166374,0.8293139935,0.684528172,0.9102934599,0.476976037,0.9250871539,0.3295175731,0.8262323141,0.6352552772,0.9527855515,0.5148418546,0.6032898426,0.8197160363,,0.5803822875,0.9355276823,0.09958408028,0.9913354516,0.09715009481,0.7643837929,0.6680219769,0.9788807631,0.184240818,,0.9589297771,0.5052224994,,0.5032417774,0.8619015813,0.6672298908,0.976614058,0.4833262861,0.5811831355,0.6662330031,0.9921671152,0.1944963336,,0.9757592082,0.1968169808,0.9213020205,0.5943934321,0.9687232971,,0.9668107629,0.3874514997,,,,0.3960785866,0.8844260573,0.5472870469,,,,0.6871214509,1.014122367,0.05828450248,0.2762087584,1.001158834,0.1476809233,0.9619678855,0.234458968,,0.6802976727,0.7790632248,0.6361908913,,0.9419875145,0.5206534266,0.8065979481,0.5425969958,0.8918304443,0.6724898219,,0.7702442408,0.6716787219,0.9708601236,0.4406675994,0.8967821598,0.4174351692,0.8335945606,0.3892613947,0.949834168,0.6670371294,0.8313426971,0.5309483409,0.9651814699,0.4145109057,0.8682473302,0.6259361506,0.9847335815,0.3727062345,0.8502544165,0.6420328021,0.9830261469,0.2760301828,0.9783127904,0.3975696862,0.9835473299,0.5033196807,0.9593428969,0.3453223407,0.6128896475,0.8027739525,0.9463319182,0.4555099905,,0.6554142237,0.8482261896,0.6292153001
2001,0.9427008033,0.6058787704,,0.7679772973,0.9406694174,0.3783650696,0.9248960018,0.4433386624,0.9751126766,0.4004302323,0.9310219288,0.1469020545,0.9649681449,0.152314961,,1.002478361,0.3824831247,,0.6383116245,0.9791629314,0.1324242949,,0.9849701524,0.2832784653,0.9172208905,,0.8294857144,0.5832087994,0.7632442117,0.6663099527,0.9587355852,,0.5767757297,0.5086165071,,,0.9459975362,0.5258770585,,0.9406055212,0.5531222224,0.9761148691,0.1515288502,,,0.7307631373,0.7016720772,0.8857112527,0.6179248691,0.9466700554,0.09192346036,0.7475235462,0.6878336668,0.9289150238,0.4210537672,0.8498996496,0.6891077161,0.895653069,0.2336526364,0.9792033434,0.5197440982,,0.423866719,0.4011550546,0.941947341,0.1984949708,0.9646024704,0.1616170555,0.9455721974,0.1248682141,0.9777033925,0.06750480831,,0.5076136589,,0.5949882269,,0.4938699901,1.028653622,0.2629288137,0.82318151,0.6267085671,0.9601734877,0.1282998323,,1.00496304,0.0907888487,,0.4869654775,0.9852158427,0.1754439771,0.9765805006,0.5756001472,0.9615120888,0.2109585702,,0.8607710004,0.6069241762,0.7905195951,0.7157663703,,0.9483456612,0.2164646983,,0.5901685357,,0.542444706,,0.9180179834,0.5671154261,0.9667835832,0.1770869792,0.6332924366,0.9796789289,0.2542462945,0.8964659572,0.5762246847,0.9799433351,0.2117080092,0.9548170567,0.1823508739,0.7557274699,0.6450597048,0.7384194732,0.6269844174,0.7897458673,0.578153789,0.9914332628,0.1242233962,0.9549565911,0.1841880679,0.9840330482,0.4661059976,0.8199090362,0.6550034881,0.9480877519,0.1733655632,0.868070662,0.681122601,0.944940269,0.4411474764,0.8543961644,0.608984828,0.9135732055,0.1854278296,0.9483007789,0.5668339729,0.9949509501,0.385715872,0.8494254351,0.5692193508,,0.9370720983,0.457373023,0.7573043108,0.7022260427,0.9650448561,0.6382327676,1.022037148,0.2685085833,0.9605987072,0.1830636412,1.024570942,0.279887259,,,0.7783401608,0.7059072852,0.9755333662,0.3485138714,,0.7253631949,0.7192044258,0.9642854333,,1.01165843,0.4029719532,,0.74217242,0.7381155491,0.9136734009,0.2826831639,0.9243247509,0.4304309487,0.9016191363,0.4910813868,0.8276665211,0.680567205,0.9105065465,0.4730569422,0.922695756,0.3246070445,0.8333982229,0.6389983892,0.9532675743,0.5108333826,,0.815723598,,0.5521088243,0.9377216697,0.09604158998,0.9920704365,0.0936999619,0.7675104737,0.6618973613,0.9769184589,0.1816389859,,0.9643923044,0.5035485029,0.9217166901,0.4812425673,0.8563809991,0.664748311,0.9821035862,0.4555251896,,0.6433662176,0.9942778349,0.1606867313,,0.9814760685,0.1906895638,0.9212558866,0.5950739384,0.9748795629,,0.9714924097,0.3661850989,0.9450004697,,,0.3880316317,0.8962047696,0.5387167335,,,0.7661392093,0.6786661148,1.01779604,0.056099426,0.1982162893,1.001072049,0.1334103048,0.9648876786,0.2200687975,0.7918528318,0.6806678176,0.7811856866,0.6178168058,,0.9395294189,0.5169807076,0.8075007796,0.541924417,0.8850784898,0.6723458767,,0.7756325006,0.6690792441,0.9749525189,0.3936900198,0.8974090219,0.4188374281,0.8398962021,0.3806730807,0.9477214217,0.6660920382,0.8401294351,0.5224430561,0.9672116041,0.4105706513,0.8724278212,0.6160098314,0.9879637957,0.3614054322,0.8596740961,0.620267868,0.9845722318,0.2759922147,0.9844232202,0.3934660852,0.9914829731,0.5040852427,0.9539685249,0.3401229978,0.6161671877,0.7964913249,0.9441013336,0.4531439543,,0.6528766155,0.8498885036,0.6209065914
2002,0.9459531903,0.601203382,,0.7618023753,0.943443954,0.3721515536,0.916369319,0.4358343184,0.9707406759,0.3939819336,0.9310803413,0.1354277283,0.9624816179,0.1471158117,,1.003246665,0.3784590364,,0.6784212589,0.9793283343,0.1313699335,,0.9858935475,0.2713444531,0.9230733514,,0.8321737647,0.5654399395,0.7696925998,0.6626899242,0.9593472481,,0.5489347577,0.5096655488,,,0.9396467805,0.5216823816,,0.9432470798,0.5448594689,0.9766241908,0.1465397775,,,0.7323134542,0.7001657486,0.8856605291,0.6234397292,0.9473198056,0.08947476745,0.750136435,0.6876327395,0.9303209782,0.4089672267,0.8392609954,0.668007493,0.8977108598,0.233097747,0.983615458,0.5132385492,,0.3887778521,0.395673126,0.9407807589,0.1862513721,0.9668523669,0.1479908675,0.9495633245,0.11922694,0.9771798253,0.06541152298,,0.5043853521,,0.5505858064,,0.4896194637,1.033687592,0.2557330132,0.8173898458,0.6286529899,0.9634609818,0.129009977,,1.005383849,0.09115114808,,0.4847708344,0.9824087024,0.1702180356,0.9767995477,0.5724195838,0.9605832696,0.2100596577,0.9217867255,0.8634036183,0.6029512286,0.7915875912,0.6678748131,,0.9470264316,0.2146118283,0.8847555518,0.588993609,,0.5403454304,,,0.5956327915,0.9697279334,0.175397858,0.6301963925,0.9829109311,0.2468378842,0.8990080357,0.5744870305,0.9831740856,0.2024429142,0.9592285752,0.1760984659,0.7608025074,0.6401259899,0.7412446737,0.6257089376,0.7991966605,0.552267313,0.990542233,0.1197091788,0.9531353116,0.1831513196,0.9891613722,0.468005389,0.8259188533,0.6454524994,0.9513721466,0.176229015,0.8646798134,0.6798884869,0.9470325708,0.4296107888,0.8606600165,0.6036436558,0.9137986898,0.1807782799,0.9514671564,0.5608511567,0.9998103976,0.3734636009,0.8542048335,0.5572624803,,0.9377405047,0.4568148553,0.7666651607,0.7012765408,0.9597908258,0.6047057509,1.021020532,0.2554463148,0.9646846056,0.1896784604,1.027204514,0.2623158991,0.9068797827,,0.7821186781,0.5622437,0.9803453684,0.3323639333,,0.7272018194,0.7239392996,0.9689625502,,1.016720295,0.3917814195,0.9513184428,0.7516307235,0.7334904671,0.9248651266,0.2711400986,0.9256336093,0.4320817888,0.9102088809,0.4667386115,0.8284075856,0.6765964031,0.9144431949,0.4657589197,0.9254177809,0.3196305931,0.8398510814,0.6421887875,0.9593895078,0.5068713427,,0.8140613437,0.9182546735,0.5301055312,0.9373232722,0.09565641731,0.9945244789,0.08849780262,0.7816048861,0.6556847095,0.9803412557,0.1824727505,,0.9664452076,0.5017879009,0.9269452691,0.4756853282,0.858071506,0.6752435565,0.9859515429,0.4579421282,,0.6216158867,0.9968315363,0.1561428457,,0.9808771014,0.1877563447,0.9222120643,0.5964183211,0.9590294361,,0.9732512832,0.3571091592,0.9478154778,,,0.3770165741,0.9019470215,0.5299556255,,,0.7796233892,0.6768419743,1.015939474,0.05271139368,0.1931831986,1.004353881,0.1306495517,0.9670764804,0.1935923249,0.789411366,0.6693919897,0.7829037309,0.6078210473,,0.9345417619,0.5128897429,0.8203065395,0.5399977565,0.8789967299,0.6721984744,,0.7772086263,0.666448772,0.9748018384,0.3882379234,0.9006823301,0.4100827277,0.8431964517,0.371560961,0.9498110414,0.6653409004,0.8455841541,0.5115031004,0.9697403312,0.3730997741,0.8739598989,0.6124337316,0.9942135811,0.3600750864,0.8683376312,0.6146028042,0.9860973358,0.2781382501,0.9859532714,0.3907039464,0.9858493209,0.5016018748,0.9556432962,0.3318521082,0.6185765862,0.7904983163,0.941388309,0.4526459277,,0.6423238516,0.8488185406,0.6159239411
2003,0.9509162903,0.6004118919,0.4658894241,0.7537821531,0.945734024,0.3638807535,0.9221835732,0.4066054821,0.9740089774,0.3926843405,0.9310746789,0.1251014322,0.9629134536,0.1454877853,,1.006954312,0.3591864109,,0.6732005477,0.9768387675,0.1054997295,,0.9858051538,0.2625519037,0.9337155819,0.6120884418,0.8341976404,0.5627995729,0.772326231,0.6597636342,0.9615607262,,0.5445595384,0.4873534441,,,0.933408916,0.5179442763,,0.9492978454,0.575455606,0.9787157178,0.1447073519,,,,0.6924437881,0.8847928643,0.6293967962,0.9484856725,0.08178426325,0.7526012063,0.6877108812,0.9352728724,0.4021308124,0.8513571024,0.6655325294,0.9148460031,0.2359195054,0.9776393771,0.5037628412,,0.3876958787,0.3782586753,0.9350759387,0.1835139394,0.9691215158,0.1473466307,0.9530973434,0.1138357297,0.9783137441,0.06398934871,,0.5052254796,,0.5442451835,,0.4846527874,1.029612899,0.2519248128,0.8231371641,0.6238861084,0.9643993378,0.1301514804,,1.004419804,0.0883519873,0.9277322888,0.4850393236,0.9823257327,0.1674090326,0.9770878553,0.5696341395,0.9610276818,0.2117031217,0.9259207845,0.8693660498,0.5989991426,0.793079257,0.6265574694,,0.9480614066,0.2157062441,0.8854697347,0.5910945535,,0.5421935916,,,0.5921990275,0.9708577394,0.175599888,0.6277544498,0.9863973856,0.2424615175,0.9002102613,0.5711346269,0.9776653051,0.1995788515,0.960673511,0.1695979536,0.7781748772,0.6341201663,0.7460121512,0.6023293734,0.8095906377,0.5404164195,0.9900757074,0.1238036603,0.9543052912,0.1704638302,0.9900736213,0.4702227414,0.8252983689,0.5760662556,0.9517464042,0.1761365086,0.8655840755,0.6482948065,0.9504381418,0.4279953241,0.8595578074,0.5832183361,0.9125553966,0.1804921031,0.9623722434,0.5561790466,1.005540729,0.3670141101,0.8567375541,0.5521856546,,0.9357350469,0.4515612125,,0.6990485787,0.9577980042,0.5853469372,1.024074912,0.2433948368,0.960329175,0.1907754242,1.027561784,0.2417247742,0.9102537036,,0.7963358164,0.5506943464,0.9837889671,0.3251142204,,0.7281845808,0.7220191956,0.9646024704,,1.016635299,0.3849440515,0.9514112473,0.7596723437,0.730039835,0.9249907136,0.2861449718,0.9259781241,0.4323694706,0.9131311774,0.4497395456,0.8282530904,0.6730578542,0.9176767468,0.4413087368,0.929844141,0.3156991899,0.8387709856,0.6400569081,0.9612124562,0.5003745556,0.6551223397,0.8122833371,0.9259977937,0.5244967937,0.9402542114,0.0824367106,0.9957919717,0.08642552048,0.7913441658,0.6490252614,0.9813749194,0.1848223656,0.8876777291,0.9672148824,0.5002670884,0.932209909,0.4703577757,0.8584384322,0.6908462644,0.9835817218,0.4612927735,,0.6095032692,0.9971292615,0.1562402695,,0.981310904,0.1835467517,0.9224579334,0.531293571,0.9496486783,,0.9745933414,0.3502876461,0.9519079328,,1.0341748,0.3707963526,0.905970335,0.4898300171,,0.682056725,0.7841485739,0.6732240319,1.017270923,0.05179856345,0.1607799977,1.001139641,0.1333488375,0.9704393744,0.184165448,0.7884017825,0.6589585543,,0.6053909659,,0.9412640929,0.5039240718,0.8265480995,0.5289212465,0.873260498,0.6168980598,,0.7865576744,0.6452543139,0.9750991464,0.3837962747,0.9053773284,0.4054173231,0.8468741775,0.3644956052,0.9525099993,0.6655554771,0.8458034396,0.5080693364,0.9740875363,0.3695500493,0.8759424686,0.6107845306,0.9968305826,0.3689675033,0.8704579473,0.6087934971,0.9887008667,0.2781032324,0.9931785464,0.3882254958,0.9805154204,0.5019991398,0.9560441971,0.3282456994,0.6621847153,0.8112768531,0.9390066266,0.4523767531,,0.6371878386,0.8483628631,0.6139739752
2004,,0.5987662077,0.448533535,0.745357573,0.9484260082,0.3470024467,0.9445121288,0.3936330974,0.9748384356,0.3840861022,0.9342383742,0.1212180927,0.9629306197,0.1465451717,,1.009492517,0.354088217,,0.6678298116,0.9700295329,0.1046629623,,0.9874514341,0.2495210469,0.9347295761,0.6034088135,0.8429234028,0.5601420403,0.7781763077,0.6485124826,0.9634937048,,0.5380878448,0.4827989638,,,0.9271163344,0.5356879234,,0.9482720494,0.5294715166,0.9790183306,0.1431556046,,0.6699172854,,0.6855788231,0.8846352696,0.6269542575,0.9496123791,0.07918387651,0.7546441555,0.6877065301,0.9388036132,0.3957136273,0.8511179686,0.6629982591,0.9183304906,0.2336423248,0.9753986597,0.498610884,0.9388141036,0.3890808225,0.3762561381,0.9309393764,0.1532594711,0.9689718485,0.1471648663,0.9568367004,0.1082600802,0.981702745,0.06221979111,,0.5057544708,0.8001168966,0.5379707217,,0.4768813252,1.037021995,0.2498030812,0.8289189339,0.6094546914,0.9669616818,0.1171387956,,1.002620339,0.08631753922,0.9299048185,0.4619968534,0.9822426438,0.1672081202,0.9773697853,0.566699326,0.9622982144,0.2113536447,0.9293898344,0.8674690127,0.5854058862,0.7948986888,0.6236430407,,0.9523447156,0.1811979264,0.8862211108,0.5897303224,,0.5239540935,,,0.5885738134,0.9716879725,0.1745957583,0.6252499223,0.98810637,0.2489425242,0.9037207365,0.5497620702,0.9713280201,0.1976480931,0.9648680091,0.1677239984,0.7811498046,0.630526185,0.7573912144,0.5849095583,0.8299482465,0.5280044079,0.9972741008,0.1223622784,0.959988296,0.1675161719,0.9912996292,0.4681760073,0.8175364733,0.5814189911,0.9589878917,0.1741926968,0.8693646193,0.6467694044,0.9533361793,0.4260975718,0.8802081347,0.5765487552,0.9140368104,0.1208142266,0.9629413486,0.5528073907,1.011556625,0.3605138659,0.864389956,0.5467662215,,0.9350355864,0.43754071,0.7552410364,0.7117447853,0.9577963948,0.5840321779,1.025755167,0.1867848784,0.9647802711,0.1678382754,1.024087787,0.2314572036,0.9163503051,,0.8046535254,0.5433708429,0.9885392785,0.3013544977,,0.7306325436,0.7194007039,,,1.019696474,0.4052184522,0.9549764991,0.7690700293,0.7259501815,0.9146664739,0.2815432549,0.9271624684,0.4327332079,0.9178908467,0.4313098192,0.8377014399,0.6509436965,0.9212026,0.4312795401,0.9299235344,0.3221255243,0.8518859148,0.6295363307,0.9660283327,0.4994733334,0.6585184336,0.7335894704,0.9338963032,0.5186907053,0.9400745034,0.07397287339,0.9974105358,0.08238524199,0.7940321565,0.6420086026,0.9786342978,0.186586827,,0.9715512991,0.471912235,0.9270140529,0.4624545872,0.8621271849,0.6883021593,0.988035202,0.4714838862,,0.5993312597,1.000735998,0.1567968577,0.804543376,0.9819205999,0.1800353378,0.9282397628,0.5247950554,0.9415607452,,0.9775972962,0.3371543884,0.9565258622,,1.036240697,0.3479489088,0.9143629074,0.4819498062,,0.6716843843,0.7907724977,0.6695417762,1.006250381,0.0506856814,0.1491310447,1.004765868,0.1350648552,0.9724436402,0.1918996125,0.7874736786,0.6581392288,,0.6028009057,0.9663949013,0.9443042278,0.5032724738,0.8240495324,0.5331153274,0.8687503934,0.6161081791,0.721758604,0.7917875051,0.6512957811,0.9835982919,0.3832401633,0.910140276,0.4002788365,0.851051569,0.3087673187,0.9564400315,0.6665830612,0.8443751931,0.5158210397,0.9830362797,0.3663549721,0.8784611821,0.6069661975,0.9996184111,0.3633799553,0.8729204535,0.6047257185,0.9912432432,0.2782447338,0.9927659631,0.3858447671,0.9822687507,0.5025920868,0.9594422579,0.3243463933,0.6733068824,0.8065680861,0.9363928437,0.4473317862,,0.6317434907,0.8495754004,0.612172842
2005,,0.5961500406,0.4555692673,0.7359250188,0.9503319263,0.3305500448,0.9519001245,0.3899155557,0.9766435623,0.3807903826,0.9355407357,0.1179137826,0.9637492895,0.1449380219,,1.011161089,0.348510474,0.8722318411,0.5660484433,0.970928371,0.103139624,,0.9878672957,0.2463849634,0.9369471669,0.594581604,0.8510099649,0.5296393037,0.7881196141,0.6454463005,0.9628315568,,0.5399649739,0.4776669145,,0.9189713597,0.9215909243,0.5318739414,,0.9516115785,0.5205226541,0.9791631103,0.1470196694,,0.6678986549,,0.6791957617,0.8884042501,0.6245902777,0.9526022077,0.07588737458,0.7561644912,0.6878337264,0.9416925907,0.3795799017,0.8493865728,0.6603501439,0.9186237454,0.2307548374,0.9765785336,0.4914106131,0.9421707392,0.3803444803,0.3736385107,0.9298478961,0.1515014917,0.9703953266,0.147083655,0.9593014121,0.1057654172,0.9811094403,0.06205737591,,0.5058996081,0.8078404069,0.5308929086,,0.4761955738,1.031541467,0.246515125,0.8222917914,0.6228862405,0.9666889906,0.1189324111,,1.003057718,0.08395130932,0.9296938777,0.462094605,0.982212007,0.1661635488,0.9784377813,0.5638050437,0.9608550668,0.2068190426,0.9212657213,0.8738381267,0.5810269713,0.7954928279,0.6206163764,,0.9513130188,0.1880464703,0.8884660602,0.5858759284,0.9596016407,0.5253528953,,,0.5113444924,0.9774092436,0.174945727,0.6227855682,0.9915363193,0.249840796,0.9025036693,0.5463056564,0.9732815623,0.193357259,0.9638094902,0.165394187,0.7810615897,0.6236263514,0.7600371242,0.5732653141,0.8378531933,0.5157114863,0.9967970252,0.1145436838,0.9596238732,0.1664709896,0.9917126298,0.4656718075,0.8269267082,0.5664104819,0.952955842,0.1552905887,0.873287499,0.6452797651,0.9503109455,0.6806641221,0.8752874136,0.5673858523,0.9161141515,0.1165706366,0.9643959403,0.3636484742,1.015867233,0.3526503444,0.8669245839,0.5410484076,,,0.4323590696,0.7619605064,0.6730040908,0.9579443336,0.58289814,1.033603191,0.1744553298,0.9614822865,0.1686467379,1.03901279,0.2167604715,0.9201369286,0.2491459399,0.8042195439,0.5400841832,0.9919809699,0.2698992789,0.9430255294,0.7328299284,0.7157379389,,,1.016484499,0.3993433714,0.9564663768,0.7728956342,0.6774230003,0.9234230518,0.2747168541,0.9327457547,0.3584397733,0.918451786,0.3635651469,0.8415635824,0.6484001279,0.9234137535,0.4202541113,0.9268183112,0.3189135492,0.8549275398,0.6267894506,0.9694468975,0.4921581745,0.6636710763,0.7313989401,0.9394441247,0.5128777623,0.9405683279,0.06481740624,0.9976619482,0.08107558638,0.8138839602,0.6346772909,0.9756755233,0.1800393313,,0.9759457707,0.4696539342,0.9304107428,0.4565189183,0.8615885377,0.6857101321,0.9846845865,0.4700210094,,0.586427629,0.9994325042,0.1567773968,,0.9830154777,0.1687828898,0.9227099419,0.5247011185,0.9479315281,,0.9788422585,0.3288031518,0.9576963782,,1.039728045,0.3406764269,0.918143034,0.473066777,0.8645479083,0.6606137156,0.79392308,0.6476658583,1.005244255,0.05023050681,0.1363197118,1.004812717,0.1368730813,0.9773263931,0.1918110847,0.7867264152,0.6572064161,,0.600137949,0.9669987559,0.9416708946,0.4997493923,0.823256433,0.5359910131,0.868296802,0.6154513359,0.7248518467,0.7954101563,0.6407362819,0.9820722342,0.3662701249,0.9084145427,0.3752578497,0.8531171083,0.3015100658,0.9567064643,0.4695760906,0.8529059291,0.5112884045,0.9855335355,0.363180697,0.8779612184,0.5854200721,1.000083923,0.3592100143,0.8745720387,0.598896265,0.9922002554,0.2791399658,0.9961469769,0.3885955811,0.9837335944,0.4720316827,0.9589264989,0.3200981021,0.6836584806,0.8019999862,0.9346110225,0.4443192482,,0.6233166456,0.8499683142,0.5890347958
2006,,0.3352504969,0.4669924378,0.7324969172,0.9520003796,0.3220049441,0.9550795555,0.3862499893,0.9828857183,0.383600384,0.9385159612,0.1175483614,0.9678634405,0.1434882432,,1.012487173,0.3678148985,0.8777728081,0.5578691363,0.9727995992,0.1017364487,0.8093919754,0.9913444519,0.2386507988,0.9348913431,0.3866103292,0.8710700274,0.5253744721,0.7882725596,0.6428850889,0.9639127254,,0.5363741517,0.4732322395,,,0.9165779352,0.52482301,,0.9548454881,0.5141685605,0.979795754,0.1484766603,,0.6819033027,,0.6771580577,0.8893424273,0.6222875714,0.9538362622,0.07299473137,0.7594294548,0.6867630482,0.944280982,0.3768748939,0.8529531956,0.6575726271,0.927318573,0.2276928872,0.9775687456,0.5052734613,0.9466629028,0.3676216602,0.3729172051,0.9357004762,0.1516392678,0.972872436,0.1527644843,0.9606318474,0.1020960882,0.9822438955,0.06036484987,,0.4997053146,0.8143299818,0.5245627165,,0.449762702,1.033927321,0.2350465059,0.830185473,0.6154883504,0.9701922536,0.1189171076,,1.004708529,0.08171065152,0.9324718118,0.4570125341,0.9841064215,0.1639469117,0.9794712663,0.5470191836,0.9629763365,0.2042048872,0.9297094345,0.8794060349,0.5773117542,,0.6176131964,,0.9537034631,0.1877406836,0.8956739902,0.578194499,0.953574717,0.5289000273,,,0.5073757172,0.9789842367,0.1730458438,0.6481069326,0.9943224192,0.2481071651,0.9063749909,0.5426402688,0.9740444422,0.1909722686,0.9617336988,0.167520538,0.782217741,0.618965745,0.7757977247,0.5612498522,0.8436242342,0.5135509372,0.9969621301,0.112515837,0.9623829126,0.1369766146,0.9924592972,0.4634987712,0.8371939063,0.5585770607,0.9521459341,0.1502417922,0.880014658,0.6388435364,0.9592778683,0.6784641147,0.8770803213,0.5605648756,0.918119669,0.1166097596,0.965288043,0.3612219989,1.018161774,0.3491279185,0.8720077276,0.5311371684,,,0.4139682651,0.7673174739,0.6697587967,0.9558781385,0.5829148889,1.034191251,0.1614041179,0.9592276812,0.1596299857,1.036297798,0.2290475816,0.9254330397,0.2071258426,0.8074772954,0.5381919742,0.9925720692,0.2833884656,0.9410666227,0.7447493076,0.6928173304,,,1.019404411,0.3956266046,0.9594126344,0.7712678313,0.6548534632,0.9350602627,0.27571854,0.9388341904,0.369792968,0.9225101471,0.3344645202,0.8557436466,0.6416216493,0.9274844527,0.420237273,0.9295021296,0.3154058754,0.8611849546,0.623819232,0.9751314521,0.4850900471,0.6676263809,0.7291740775,0.9453702569,0.5238944292,0.9417931437,0.06135198101,0.9968600273,0.07957968861,0.8280835748,0.6276034713,0.980253756,0.1810587943,,0.9765349627,0.4704179466,0.9340686798,0.4271906316,0.8648985028,0.6829007268,0.9825081825,0.4698429406,0.6924241781,0.5738728642,0.9984866977,0.1577873677,0.8163182139,0.9832017422,0.1653229445,0.9281829596,0.5195148587,0.9523680806,0.5535823107,0.9817575812,0.3290120363,0.9589617252,0.2187850475,1.034966946,0.3386831284,0.9233710766,0.467220515,0.8701857328,0.6497485638,0.7980415821,0.6355528831,1.00338459,0.04849567637,0.1108508483,1.008698702,0.1303907484,0.9825824499,0.1802312881,0.7871994972,0.655334115,0.8559772372,0.5961429477,0.9683794379,0.9543322921,0.4711357057,0.8227083683,0.5404033065,0.8659961224,0.6100017428,0.723575294,0.8002974987,0.6316102743,0.9851617217,0.3763317168,0.9106355309,0.3730044663,0.8585056067,0.2965067625,0.9583231807,0.4743609428,0.8746581078,0.5035765767,0.9863001704,0.3689007759,0.8831394315,0.5816790462,1.008565903,0.3289209008,0.8801509142,0.5821840763,0.9935738444,0.2820414603,0.9929055572,0.3861636817,0.9834478498,0.472848922,0.960428834,0.3192383349,0.6862492561,0.7966688871,0.9347308874,0.4385767877,,0.6117224693,0.8549325466,0.5830450654
2007,,0.2326252759,0.4758768976,0.7275370359,0.9523429871,0.3128574491,0.9705584645,0.3465971053,0.9815881252,0.3758834898,0.9372051358,0.1138354614,0.9697571397,0.1377866268,0.9277679324,1.020054579,0.3829829693,0.8826026917,0.5681056976,0.9724543691,0.09945270419,0.8241918683,0.9916055202,0.2327897847,0.9376381636,0.3881821334,0.8756093383,0.5211943984,0.7886627913,0.6206935644,0.9631058574,0.9190826416,0.5322069526,0.4687983096,,,0.9178651571,0.5171585083,,0.9564338923,0.5468304753,0.9809783697,0.1476493031,0.7836917043,0.6804739833,,0.6751502156,0.8891995549,0.6268326044,0.9549059868,0.06329938024,0.7627158761,0.6838003993,0.9454399347,0.3728407025,0.8589904308,0.6348366141,0.9309754372,0.2233864516,0.9820411205,0.4998934567,0.9452723861,0.3615939915,0.3712188303,0.9414522052,0.1436368227,0.9734213352,0.1532996893,0.9603666067,0.09834847599,0.9831575155,0.05772791058,,0.4999908805,0.8224721551,0.5049882531,,0.4500182271,1.032963753,0.2168860734,0.8376288414,0.6088072062,0.9731366634,0.1186977923,0.8007485867,1.006329417,0.07590894401,0.9323423505,0.4520257115,0.9855018854,0.1360946298,0.9811181426,0.530733645,0.963447392,0.2028751075,0.9337197542,0.8839074373,0.5736117959,,0.6308851242,,0.9519764781,0.1792353988,0.9114077687,0.5536729097,0.9622738361,0.5292350054,,,0.5036803484,0.9795296192,0.1772799045,0.6106134653,0.9922396541,0.2504149973,0.9098801017,0.5376355052,0.9746217728,0.1874398738,0.9639140964,0.1660829335,0.7922334075,0.6092669368,0.7859049439,0.5601354837,0.8525904417,0.5120154023,1.004501939,0.1096019372,0.9624427557,0.1358991712,0.9920302033,0.4540982246,0.856423974,0.5276696682,0.9530866146,0.1483881325,0.8869717121,0.634480536,0.963081181,0.3600918949,0.8727593422,0.5136961341,0.9199234247,0.1123798937,0.9657550454,0.3588760495,1.024593949,0.3190484345,0.8772391677,0.5261850953,0.8830244541,,0.4019122422,0.7712980509,0.6665753126,0.9548436403,0.5532386899,1.036737084,0.1625139266,0.9626389146,0.1520992368,1.038638353,0.2308585495,0.9303073883,0.2012508214,0.8121718168,0.5362501144,0.9906160235,0.2880207002,0.9408519268,0.7574675083,0.6782104373,,,1.022014499,0.3910245001,0.9638333917,0.7804628611,0.6360270977,0.9331170321,0.2710896134,0.9419320822,0.3814892173,0.9256002307,0.3061595857,0.8663471937,0.6382648945,0.9301202893,0.414440006,0.9316441417,0.3053122461,0.8632674813,0.6206742525,0.9787549973,0.4775657058,0.6736322641,0.7270326018,0.947676599,0.5106987953,0.944162488,0.05424880609,0.9964794517,0.07975400984,0.8309598565,0.5643568039,0.9772825837,0.1801104397,,0.9789907932,0.4679344893,0.9433882236,0.4172847569,0.8659376502,0.6800331473,0.98489362,0.4524095953,0.6937170029,0.566437602,0.9985532761,0.1580789238,,0.9808116555,0.1444559097,0.9325140715,0.5143262148,0.9551412463,0.5458337665,0.9839296937,0.3414188921,0.9615750909,0.1815576106,1.031333208,0.3145771325,0.9281970263,0.4610460401,0.8714482188,0.6433465481,0.7973753214,0.6308321357,1.00235939,0.04797416925,0.09696338326,1.009079695,0.1248271838,0.9862080812,0.1817536503,0.787805438,0.6579419971,0.8552893996,0.5852860212,0.9709364176,0.9569073915,0.469137311,0.8274862766,0.5364851356,0.8658399582,0.6042925119,0.7247269154,0.7979478836,0.6178427339,0.992887795,0.3527145386,0.9171023965,0.3707037568,0.8614441752,0.2911612391,0.9590914845,0.4773570895,0.8792977333,0.4514832795,0.9838066101,0.3583614528,0.887720108,0.5781110525,1.01150167,0.335552305,0.8834764957,0.5751026869,0.9927844405,0.286338836,0.9918566346,0.3727829158,0.9853522778,0.4728385508,0.9706338644,0.3215750754,0.6882356405,0.791515708,0.9361851811,0.4344820678,,0.6045572162,0.8623422384,0.5810528398
2008,,0.2250635922,0.487552762,0.7229094505,0.9532313943,0.3081946671,0.9697511196,0.3511424065,0.9880452156,0.3761591911,0.9384118915,0.1152268127,0.9703481793,0.1336735934,0.940457046,1.019156456,0.412252903,0.8885859251,0.588932693,0.9751010537,0.09427592903,,0.9930095673,0.2233828008,0.9348015785,0.3903850317,0.8802081347,0.51694417,0.7894262075,0.6174468994,0.9644924998,0.9192941785,0.5285179615,0.4667506218,,,0.9081870914,0.5091841817,,0.9554102421,0.7151104212,0.9808202386,0.1484701186,0.7919402122,0.6791080832,,0.6736844778,0.8905190825,0.6247239113,0.957863152,0.05554930121,0.765294373,0.6831274033,0.9478421211,0.3670279086,0.8633883595,0.6322206855,0.9347239733,0.2163787186,0.9771890044,0.4966011643,0.9471893311,0.3542928994,0.3627263606,0.9469795823,0.1356691867,0.9733834863,0.146276027,,0.0894600898,0.9843875766,0.05629112571,,0.4993946552,0.8271670341,0.49864465,,0.4490443766,1.033479095,0.194385156,0.840447247,0.6037659049,0.9774816632,0.1146119982,,1.004726052,0.07631593198,0.9334635139,0.4462907314,0.985407114,0.1330843121,0.9824063182,0.5274686813,0.9629409313,0.2006916106,0.9357527494,0.8852105737,0.5858586431,0.8865392208,0.629057467,,0.9535600543,0.1782623231,0.9134284854,0.5492598414,0.956306994,0.5247702003,0.9703043103,0.9471306801,0.5003874302,0.9837396145,0.1758243591,0.6079447865,0.9911233187,0.2508672774,0.9122529626,0.5329523683,0.9757359624,0.1797880679,0.9646193981,0.1604835987,0.7915697098,0.6046174765,0.7821518183,0.5572440028,0.8461930156,0.5409985185,1.002218366,0.1069256514,0.9637233019,0.1155130118,0.9905458689,0.4518880546,0.8549848795,0.5272265077,0.9539678693,0.1482761204,0.8935747743,0.6146810055,0.9596526623,0.357221812,0.8801140785,0.5161488056,0.9228038192,0.1173398197,0.9647364616,0.3076439798,1.010540009,0.3167402148,0.8849474192,0.5185313821,0.8845129013,,0.3958460391,0.7747122049,0.6616973877,0.954097271,0.5503827929,1.0313586,0.1700634956,0.9583513737,0.1464820802,1.04015398,0.2311088294,0.9330226183,0.1955084503,0.8121218681,0.5359064341,0.9916114211,0.2931466997,0.9391590357,0.7834611535,0.6668511629,,,1.026353478,0.4173037112,0.9658987522,0.784691751,0.63126266,0.9418026805,0.2703254819,0.9457069039,0.3876562715,0.9272446036,0.2855396867,0.8749815226,0.6332677603,0.9332326055,0.4103828371,0.9339001775,0.2879571915,0.8668583035,0.6170075536,0.9815035462,0.4672134817,0.6835127473,0.7249797583,0.9485865235,0.506860435,0.944100678,0.05319298431,0.9978339076,0.07808718085,0.8451016545,0.5179411769,0.9822654128,0.1755110174,0.9089637399,0.9802970886,0.466971755,0.9355976582,0.4138168991,0.8696801066,0.6769368052,0.9864096642,0.4491972923,0.6927815676,0.5564059019,0.9990526438,0.1565088481,0.8281854987,0.9787302017,0.1405267566,0.9355015159,0.4993161857,0.9578592181,0.5402504802,0.9884950519,0.3298422992,0.9606947899,0.183360979,1.030147791,0.3109502196,0.932931602,0.4442001581,0.8716326952,0.6417531967,0.7997629046,0.6260249019,1.001332402,0.04898354411,0.09400591999,1.009452462,0.1020161659,0.9928126335,0.1775984764,0.7888538241,0.65541327,0.8643692732,0.5819687247,0.9704064131,0.9562977552,0.4674698114,0.8307483792,0.5330569744,0.8653854728,0.586517036,0.7385504246,0.797541678,0.6167479753,0.9937211871,0.3493931293,0.92007339,0.3662254512,0.8630738258,0.2849076688,0.9598034024,0.4806416333,0.8867967725,0.440923661,0.9838927388,0.3607019484,,0.5738554597,1.014936686,0.3353025317,0.8887726665,0.569616735,0.9916777015,0.2887482345,0.999696672,0.3659301698,1.008938313,0.4730466902,0.9698358774,0.3176390231,0.7092431784,0.7880414724,0.9394917488,0.4319396615,,0.5993401408,0.8687009215,0.5786212087
2009,,0.2209589183,0.5534738898,0.7184445262,0.9541195631,0.2462375313,0.9730651379,0.3385877311,0.993281424,0.3782834411,0.9418418407,0.1030106023,0.9722031951,0.1281636506,0.951613605,1.026296258,0.4228107929,0.8901831508,0.5276883245,0.9749218822,0.08544301987,,0.9928812981,0.2208296955,0.9385358095,0.392490387,0.8844550848,0.5112262964,0.7904192209,0.6140376925,0.964666307,0.9230835438,0.5096607208,0.4652434587,,,0.9068669081,0.5186101794,1.020583749,0.958794713,0.7114144564,0.9819967747,0.1508262455,0.7958055139,0.6776454449,0.777849257,0.6755726933,0.8915941119,0.6226156354,0.9606376886,0.04783092439,0.7681221962,0.682592988,0.9517869949,0.3667039573,0.869500041,0.6295838952,0.9391973615,0.2111056596,0.9834037423,0.4900024533,0.9550817609,0.3452981114,0.3638170362,0.9510071874,0.1364512146,0.9744531512,0.1377323866,,0.07948829234,0.9884349704,0.05460158736,,0.4990008771,0.8350074887,0.4924559593,,0.4316028655,1.036425352,0.1632467508,0.8483313918,0.5983486772,0.9799066186,0.1090142652,,1.005321026,0.07698667049,0.9350460172,0.4403656721,0.9878026247,0.1268425733,0.983915329,0.529997468,0.9639411569,0.1984155923,0.9407041669,0.8887431026,0.5795368552,0.8876850009,0.637727797,,0.9575121403,0.1641416401,0.9182081223,0.5452984571,0.9635705352,0.5216225982,0.9733604193,0.9533357024,0.5109741688,0.9837583303,0.1663345098,0.6053121686,0.9902389646,0.2500810921,0.9147254825,0.5061091185,0.9794069529,0.1677922457,0.9670918584,0.1365286261,0.8015429974,0.5909000039,0.7910604477,0.5539126396,0.8519684076,0.5354821682,1.008021832,0.09230805188,0.9648202658,0.1099602357,0.9913786054,0.4503115714,0.8602434397,0.5202170014,0.9572684169,0.1347932369,0.9014187455,0.6092810035,0.9635854363,0.3546170294,0.8834990263,0.4924311042,0.9234864116,0.1153443605,0.9673551917,0.2501714528,1.005462408,0.3078120351,0.8925616741,0.5103053451,0.9017117023,,0.388245225,0.7792282701,0.6563613415,0.9531874061,0.5514617562,1.03613019,0.1559280157,0.9582402706,0.1507946402,1.034846187,0.2229874581,0.9388587475,0.1903722882,0.8162134886,0.5362151265,0.9899451137,0.294357717,0.9394561648,0.7926098108,0.6575837731,,,1.021680355,0.4197842777,0.9693213701,0.7940992117,0.6248171329,0.9434067607,0.2691089511,0.9494224787,0.3945104182,0.9311084151,0.3071168959,0.8782457709,0.6077293158,0.9388570786,0.3973290622,0.936226368,0.2808428407,0.8722949624,0.6059213877,0.982907176,0.4563489258,0.686653018,0.7324002385,0.9525064826,0.497267127,0.9456760287,0.0535213761,0.998255372,0.0721540451,0.8833577633,0.5085017681,0.9834778309,0.1718821377,,0.9811637402,0.5006223917,0.9415471554,0.4111687839,,0.6737635136,0.9861709476,0.4437685311,0.7150679231,0.5470260978,1.001164079,0.154229179,0.834776938,0.9802442789,0.1373030245,0.9410972595,0.4937599599,0.9608533978,0.5346670747,0.991902709,0.3300123513,0.9606479406,0.1880429983,1.027478695,0.3058906198,0.9436586499,0.4342042208,0.8756572604,0.6399343014,0.8108055592,0.618644774,1.001090288,0.05031944439,0.09632558376,1.011078477,0.08290281147,0.9900574684,0.1787779927,0.7899081111,0.6529864669,0.8635882139,0.5768400431,0.9726236463,0.9550474286,0.4569908679,0.8274459839,0.5419915318,0.8646196723,0.5805954933,0.7404972315,0.7982750535,0.6157328486,0.9947189093,0.3388383389,0.927960515,0.3617170453,0.86936903,0.2656656802,0.9617757201,0.4801390767,0.8947185874,0.4274012744,0.985434413,0.3662908971,,0.5688058138,1.010728002,0.3361416459,0.8920433521,0.5627660751,0.9947636724,0.2916961312,0.9997912645,0.3493283689,1.012265682,0.4759735167,,0.3135167956,0.7153924108,0.7848275304,0.9423801303,0.411683023,,0.5979094505,0.8801011443,0.5741732717
2010,,0.2171937823,0.565771699,0.7115280032,0.9540192485,0.240876928,0.9778980017,0.3379229307,0.9899627566,0.3824392855,0.9447601438,0.09210316092,0.9726542234,0.1300144494,0.9468480349,1.022244334,0.4316671789,0.8933681846,0.521230638,0.9752931595,0.07847944647,,0.9932363629,0.2172769606,0.9391214848,0.3940397203,0.903740108,0.5058780313,0.7912632823,0.6104466319,0.9655820727,0.9251153469,0.4984574914,0.463727504,,,0.902995646,0.5090810657,1.024017334,0.9612872005,0.7073774934,0.9821988344,0.1535289735,0.7978295088,0.6762046814,0.7807652354,0.6727425456,0.8919817209,0.6204315424,0.9605315328,0.04167918488,,0.6819838881,0.9595633745,0.3578461707,0.8728648424,0.6268934011,0.9396092296,0.2056972235,0.9820386767,0.4622499049,0.9563959837,0.3341155648,0.3651450276,0.9561524391,0.1282987148,0.9766405821,0.1068762988,,0.06963248551,0.9867086411,0.05311258137,,0.4953099489,0.8389375806,0.4892824292,,0.4279372394,1.033231139,0.1569609195,0.8502079248,0.4820245802,0.9799844623,0.1049397439,,1.003332853,0.07755633444,0.9355140328,0.4348110259,0.9901840687,0.1225417405,,0.5264497995,0.9640862942,0.1886079609,0.9396530986,0.890237093,0.5755732059,0.8854971528,0.6360099316,0.7710801363,0.9588499069,0.1618580222,0.9219004512,0.5414403677,0.9734643102,0.5182312131,0.9703099132,0.951600194,0.5076432824,0.9865003824,0.1657897532,0.551158607,0.9897809625,0.2604396045,0.9207850099,0.5017960668,0.9760190845,0.1582739949,0.9678804874,0.1266988814,0.8026425838,0.5857864618,0.792219162,0.551392138,0.8543865681,0.5301001668,1.010628581,0.08931396902,0.9652399421,0.1033947244,0.9915626049,0.4482257664,0.863794744,0.4861268997,0.9578012228,0.1332558692,0.9080587626,0.6039627194,0.9607514739,0.3571729064,0.8941001296,0.4834538996,0.926225543,0.1167389303,0.9663581252,0.2577722967,1.004242897,0.3057121933,0.8973364234,0.5013878345,0.8879122734,0.9377304912,0.3921461105,0.782117188,0.6507745981,0.9517794251,0.5514050722,1.032072425,0.1474418342,0.9623461366,0.1442243606,1.027361155,0.2276121825,0.9411991239,0.1857655495,0.8212373257,0.5321817398,0.9896498322,0.3119915128,0.9412631392,0.8036916256,0.6493310332,,0.4350050986,1.0190171,0.4169251919,,0.79474473,0.6207339168,0.9380430579,0.2671890557,0.9519699812,0.3923538327,0.9328084588,0.2839691937,0.885941267,0.6049281955,0.9414043427,0.3964671791,0.938010633,0.2669540346,0.8746923804,0.6017169952,0.98376894,0.4497329891,0.7009644508,0.7237257957,0.9556856155,0.4935345352,0.9454904795,0.05622443184,0.9970330596,0.07097636908,0.8962404132,0.4986433089,0.9884366989,0.1686154753,,0.9821525216,0.5002011061,0.9426631927,0.4072550237,,0.6706344485,0.9889704585,0.4359561801,0.717366755,0.5376770496,1.00563848,0.1505914479,0.8351330757,0.9818360209,0.1324671805,0.941891551,0.4915763736,0.96405375,0.5276806951,0.9892162085,0.3298656642,0.9594933987,0.1934511065,1.026528955,0.3017666042,0.9505235553,0.4232849777,0.8771900535,0.6355035901,0.8145641088,0.5987489223,0.9992722273,0.05302547291,0.09368009865,1.010483384,0.07130340487,0.9895458221,0.183949694,0.7911729217,0.650577724,0.8744901419,0.5735088587,0.9732849002,0.9606515765,0.4537216723,0.828219533,0.5383580923,0.863452673,0.5734845996,0.7494826317,0.7991321087,0.6146774888,0.9975993037,0.3352075219,0.927567482,0.3521042168,0.870265305,0.2595973015,0.9625952244,0.6702064276,0.9024502635,0.4139676392,0.9853438139,0.3644864261,0.9104082584,0.5596007705,1.004520893,0.3356983364,0.8961992264,0.5574786663,0.9944794774,0.2936928868,1.00480938,0.337382704,1.012848496,0.4789648056,,0.3093568683,0.7241351604,0.7812984586,0.9457894564,0.4075765014,,0.5921526551,0.8916411996,0.5688740015
2011,,0.2314643711,0.5873020291,0.7045757771,0.9505825043,0.2401309013,0.9801897407,0.3374993801,0.993529439,0.380697161,0.9449279904,0.07975832373,0.9729197025,0.1258057654,0.9471367598,1.022578716,0.4217815399,0.9013053179,0.5132437944,0.9769571424,0.07467501611,,0.9917352796,0.2138065994,0.9344295859,0.2965167165,0.9090294242,0.5052626729,0.8169537187,0.6196120977,0.9631589055,0.9268369675,0.4941248596,0.4629387558,,,0.9001277089,0.5025058985,1.024475932,0.9637672901,0.7026782036,0.9830053449,0.1437469125,0.804154098,0.6735697985,0.7824852467,0.6587296724,0.8903627992,0.6184719205,0.9611949325,0.03579763696,,0.6724969149,0.9617438912,0.3521805704,0.8751600981,0.6240426898,0.9398284554,0.2031854391,0.9832283854,0.4629939198,0.9632225037,0.336447835,0.361612767,0.9625150561,0.1370106339,0.9811116457,0.09573038667,,0.05811160058,0.9832521677,0.05029871687,,0.4884529412,0.8433507085,0.4858571887,,0.4254617095,1.030884743,0.1607434005,0.8502656817,0.5834864378,0.9775021076,0.1021583155,0.8026079535,1.003634334,0.07534907013,0.93373698,0.429828316,0.9919137359,0.1150059626,,0.5248925686,0.9638215899,0.180803746,0.9409459233,0.8928870559,0.5723914504,0.8847249746,0.6352438331,0.7827416658,0.9611386657,0.1559124887,0.9214161634,0.5347678661,0.9792803526,0.5153802633,0.9755808115,0.9607034326,0.5014502406,0.9828491807,0.1625990719,0.5983871818,0.9874216318,0.247155264,0.9226868153,0.498016417,0.9716088772,0.1424818933,0.9679808617,0.1165752113,0.8061939478,0.5785266757,0.7945321798,0.5481676459,0.8570354581,0.5280740261,1.003059745,0.08960818499,0.9659129381,0.09575891495,0.992200911,0.4486539662,0.8668961525,0.4821055233,0.9568660855,0.1382231116,0.9105432034,0.6006473303,0.9605489373,0.3557332158,0.8928051591,0.4817074537,0.9263705015,0.1219942048,0.9672880769,0.2584967315,1.003530383,0.2971861959,0.8986584544,0.4956991673,0.8881983757,0.9382395148,0.3794754446,0.7845005989,0.6598867774,0.9526299834,0.5495510101,1.030426621,0.1399491578,0.9626530409,0.1231565177,1.027187228,0.200068593,0.9278985858,0.1535995752,0.8246302605,0.5039672256,0.991835773,0.2925104201,0.9413465261,0.7704350948,0.6473443508,,0.4406707287,1.016183019,0.4147278666,,0.7962160707,0.6171573997,0.9453844428,0.2642184496,0.9558897018,0.3912042081,0.9323372245,0.2640464008,0.8886168599,0.5996026397,0.9440504313,0.3961575627,0.937554419,0.248788774,0.8762218952,0.597708106,0.9836314917,0.4403764606,0.7040023804,0.7162725925,0.9581344128,0.4543727338,0.9470825195,0.05713276565,0.9979097843,0.06906734407,0.9010106921,0.4918621778,0.988365531,0.1594329476,,0.9839538932,0.4997514188,0.9440066814,0.4176534712,,0.6685678959,0.9909346104,0.4314161539,0.7167107463,0.5322940946,1.007696509,0.1371509433,0.8474594951,0.9849123359,0.1207516938,0.9440213442,0.4902051389,0.966553688,0.5224737525,0.9847001433,0.3324137628,0.9528851509,0.1935441047,1.023534536,0.295386672,0.9547145963,0.4152913988,0.8803338408,0.6333423853,0.8184548616,0.5958594084,0.9979286194,0.05357423425,0.0958718583,1.012753129,0.01746909693,0.9911392331,0.1782381982,0.7920825481,0.6499992013,0.8759473562,0.5706938505,0.9742856622,0.957868576,0.4513874352,0.8393542171,0.5364158154,0.8564049006,0.5686833858,0.760982573,0.7998384833,0.6137511134,0.9974696636,0.3224835396,0.9313006401,0.349290818,0.8750700951,0.2577441037,0.9629600644,0.4670081437,0.8917883039,0.3749890327,0.9861804247,0.3635167778,0.9126178026,0.5524992943,0.9969282746,0.3274944425,0.8973200917,0.5469004512,0.9957340956,0.2908951044,1.008128524,0.3399627209,1.013708234,0.477588594,,0.3104406893,0.7337348461,0.7790710926,0.9487119913,0.4068589807,,0.5981587768,0.899987936,0.5617349148
2012,0.9638113976,0.2308475524,0.5977377892,0.6975460649,0.9504777193,0.2364396304,0.9825012684,0.3190006614,0.9928542972,0.3775080144,0.9442127347,0.06502286345,0.9725881219,0.1214817762,0.9495500922,1.022906899,0.4103268981,0.9024522305,0.5081198215,0.9787474871,0.06894791126,,0.991366446,0.2049974799,0.9368836284,0.2933551073,0.9128299952,0.5015920997,0.8179901838,0.6161570549,0.9654675126,0.9334298968,0.4896090031,0.4622551799,,,0.8990466595,0.4955720901,1.015890241,0.966783762,0.518855989,0.9831179976,0.1409064382,0.8126510978,0.6709563732,0.788089931,0.6564433575,0.9180465937,0.6158314347,0.9608398676,0.02759053744,,0.6744275689,0.9639554024,0.3482646942,0.8764857054,0.6211852431,0.9409331679,0.200766474,0.9842863679,0.4610101879,0.9644508362,0.3386597931,0.3606764674,0.967461586,0.1358135343,0.9790735245,0.08323688805,,0.04576684907,0.9826084375,0.04865322262,0.9886346459,0.4810374081,0.845181942,0.4025761485,0.976965189,0.4230055213,1.032048464,0.1542755365,0.8535633087,0.5795995593,0.9779481888,0.09888865799,0.805193305,1.000458241,0.07488090545,0.9329228401,0.4247120917,0.9913493991,0.08623888344,,0.5166147947,0.9623134136,0.1801651269,0.9428219199,0.890822649,0.5614862442,0.8853298426,0.6344464421,0.7838889956,0.9600006938,0.1471780241,0.935431242,0.5331599116,0.9839986563,0.5145183802,0.9719203115,0.96649158,0.4994224608,0.9829170704,0.1573720425,0.5951102376,0.9846496582,0.2293885201,0.9248327017,0.493601352,0.9727616906,0.131208092,0.9697472453,0.1083239168,0.8064098954,0.571991086,0.7961202264,0.5448684096,0.8604166508,0.5199977756,0.9986363649,0.0858739242,0.9662430882,0.08792486042,0.9927550554,0.4457854927,0.8690676093,0.4800284207,0.9576798081,0.1599230915,0.912569046,0.5971691608,0.9619147182,0.3541294932,0.8925977349,0.4772752821,0.9262834787,0.1224188581,0.9552469254,0.2742707431,1.001154661,0.2684016526,0.9031460881,0.4892306328,0.8913078904,0.9431893826,0.3723177016,0.7858133316,0.6507634521,0.9604538679,0.542939961,1.029144287,0.1171096861,0.9616089463,0.1252233982,1.022488713,0.1764469445,0.9387847781,0.1320357025,0.8269968033,0.5026395917,0.9919626117,0.2724453211,0.9437943101,0.769536972,0.6453058124,,0.4014880657,1.015989423,0.3273621202,,0.8000264168,0.6130613685,0.9478299022,0.2561341822,0.9568076134,0.3901543021,0.9326158762,0.2401273847,0.88864398,0.5977310538,0.9427416921,0.3728713691,0.9374827743,0.2315208614,0.8771257401,0.5936258435,0.9830444455,0.4301846623,0.7124949694,0.7147071362,0.9603506327,0.4499058127,0.9469184279,0.06060188636,0.9958555698,0.06765498221,0.9010732174,0.4847353101,0.9892759323,0.1515498459,,0.9842594862,0.4993714392,0.9491414428,0.4134839475,,0.6129600406,0.9917761087,0.4289380908,0.7191182375,0.5270245671,1.007966995,0.1338297576,0.8547874689,0.9841009974,0.1157475337,0.9450775385,0.4887302816,0.9673274159,0.5169243217,0.9866564274,0.3246608078,0.9539254904,0.169198975,1.016930461,0.2869151235,0.937985301,0.4068134427,0.8826614618,0.6314151287,0.8217724562,0.5910315514,0.9976913333,0.05402673036,0.09007812291,1.007365823,0.01168998424,0.9912221432,0.1637915671,0.7938916087,0.6500386,0.8764418364,0.5310579538,0.9750594497,0.9578838348,0.4304837286,0.8441710472,0.5359549522,0.8548642397,0.5636720657,0.7628016472,0.800519228,0.6127974391,0.998611331,0.3206594288,0.9349166751,0.3464049399,0.876294136,0.2532603741,0.9627586007,0.463870585,0.8952760696,0.3656065166,0.9870507121,0.3624154925,0.9158259034,0.5493736267,0.996760726,0.3079263568,0.8991519809,0.5420334935,0.9953058362,0.2836189866,1.009498954,0.3267291784,1.014666915,0.4760998785,,0.3079673946,0.7360813618,0.7767584324,0.9503282309,0.4047246277,,0.5942659974,0.9110059738,0.5539895892
2013,0.964134872,0.2314222157,0.601470232,0.6912676096,0.9505155683,0.2234070152,0.9841233492,0.3166230917,0.9933899045,0.3746334612,0.9431875944,0.04664171115,0.9706338048,0.1149063632,0.9509524703,1.023452282,0.3658114076,0.9034122825,0.5032492876,0.9923064709,0.06568931043,,0.9904395342,0.1974609643,0.9379425049,0.2905315757,0.9194045663,0.4979348481,0.8190641999,0.6129196286,0.9668052793,0.9350695014,0.4851685464,0.461800307,,,0.8985383511,0.4885286987,1.012127876,0.9667634368,0.5108581781,0.9832953215,0.1330696493,0.8199979663,0.6688581705,0.7779065967,,0.9187140465,0.6132823229,0.9608533978,0.02482022718,0.8076424599,0.6720158458,0.9632568359,0.3452891707,0.8777819872,0.5790884495,0.9430466294,0.1919803619,0.9852798581,0.459276557,0.9660698771,0.3407376111,0.3555963337,0.9671273828,0.1340565234,0.983700335,0.08768352866,0.9630470276,0.0372925289,0.9831017256,0.04668404162,0.989772439,0.4730990231,0.8477227092,0.3977280259,0.9784365892,0.4108373821,1.032277346,0.157073006,0.8538216352,,0.9794186354,0.09536205977,0.8076690435,1.002780199,0.07208663225,0.932959795,0.4199993908,0.9914444685,0.08424405009,,0.5122156739,0.9645553827,0.1800150871,0.9488123655,0.8962135911,0.5518171787,0.8861362934,0.6323586702,0.7842538953,0.9604008794,0.1436513215,0.9396474957,0.531678319,0.9876278043,0.5145263672,0.9737604856,0.9671396017,0.4976136088,0.9816571474,0.1528408378,0.5920572877,0.9846660495,0.2151618004,0.9250902534,0.4902051389,0.9734303355,0.1272484213,0.969486177,0.09143660218,0.8065320849,0.5679584146,0.7974494696,0.5409013629,0.8611709476,0.5174366236,0.9993462563,0.08261420578,0.9660509229,0.06390079111,0.9933006763,0.4437759221,0.8713651896,0.4689149559,0.9578996301,0.1575039774,0.9143645167,0.5620476604,0.9727367759,0.3499344289,0.8923903108,0.472512871,0.926677227,0.1271169037,0.955978334,0.2753468156,1.0009799,0.2525050342,0.906619966,0.4829652309,0.892925024,0.9446821809,0.3688836396,0.7868751287,0.6482627988,0.96116364,0.5384832025,1.027929783,0.1198014691,0.9602646828,0.1139667854,1.018901944,0.1487119198,0.9372829795,0.1303834915,0.8294833302,0.4982534349,0.9930456877,0.2496999502,0.9447132945,0.7695417404,0.6430935264,,0.3946084976,1.015467882,0.3230250776,,0.8079813719,0.6093103886,0.9489611387,0.221339941,0.9566124082,0.3897843957,0.9326310754,0.2340629846,0.8892133832,0.5962055922,0.9430205822,0.3723708391,0.9374828935,0.2284883708,0.8785773516,0.5893831253,0.9823359251,0.4204978347,0.7139757276,0.7132990956,0.9622491598,0.4457660019,0.9472376704,0.06000900641,0.9954937696,0.06438458711,0.9062473774,0.4791732728,0.9893621802,0.1468594819,,0.9854266644,0.499173373,0.9502484202,0.4093399942,,0.6105793715,0.9914517999,0.4190606475,0.7198671103,0.527425468,1.008992434,0.1303626597,0.8618601561,0.9829550385,0.1116598248,0.9477915168,0.4685715437,0.9671906233,0.5143309236,0.987883389,0.3267731667,0.9564656615,0.1705360711,1.012834787,0.2794099152,0.940084219,0.392101109,0.8900356889,0.2825363576,0.8234906793,0.5865902305,1.007683992,0.0517915301,0.08914045244,1.004347324,0.01152808778,0.9915584922,0.1618467271,0.7955902815,0.6485233903,0.8770518899,0.5266238451,0.9759467244,0.9599306583,0.4283564389,0.8385922909,0.5336785316,0.8538470864,0.5978158712,0.7636682987,0.8013650179,0.5934228301,1.001442552,0.3168548942,0.9367514849,0.3416599333,0.8768481612,0.2491110414,0.9624467492,0.461001873,0.8992831707,0.3586366475,0.987862885,0.3614203334,0.9193708301,0.5461462736,0.9978054762,0.2987805605,0.9008639455,0.5370355844,0.9951037765,0.2814953923,1.010301828,0.3112407923,1.015336633,0.4748078883,,0.3062645793,0.7380536199,0.7747817636,0.9517012835,0.4026933312,,0.5900149345,0.915686667,0.5075224042
